Date,Open,High,Low,Close,Volume,Dividends,Stock Splits
2015-04-06 00:00:00+05:30,335.19882668399674,349.4189611640635,332.99224611755943,343.8468017578125,387068,0.0,0.0
2015-04-07 00:00:00+05:30,342.79915420698615,352.1603794844201,342.79915420698615,347.4797668457031,282870,0.0,0.0
2015-04-08 00:00:00+05:30,347.65813136733743,350.82310657914775,342.37570867294255,343.9359130859375,120568,0.0,0.0
2015-04-09 00:00:00+05:30,348.59427454658453,356.21697733960775,345.47386543939,347.12322998046875,198662,0.0,0.0
2015-04-10 00:00:00+05:30,347.702742247304,356.0832644393951,347.702742247304,350.24365234375,226418,0.0,0.0
2015-04-13 00:00:00+05:30,350.3773654649814,355.9495245849715,345.69675180418966,347.12322998046875,218736,0.0,0.0
2015-04-15 00:00:00+05:30,347.7026377986232,349.8423408973622,328.3560955302973,329.58197021484375,498456,0.0,0.0
2015-04-16 00:00:00+05:30,334.32953503075305,337.02645450510636,328.1555938336414,335.0204772949219,149584,0.0,0.0
2015-04-17 00:00:00+05:30,334.6416209497828,334.6416209497828,323.2966986110791,328.044189453125,281978,0.0,0.0
2015-04-20 00:00:00+05:30,328.0886932945982,328.98023865681176,314.7155128613945,322.6948547363281,504410,0.0,0.0
2015-04-21 00:00:00+05:30,321.17926361383593,324.94604876051494,309.8120585865593,317.8359680175781,792974,0.0,0.0
2015-04-22 00:00:00+05:30,320.95633829218815,331.2313934028977,314.4926342571371,319.75274658203125,494758,0.0,0.0
2015-04-23 00:00:00+05:30,320.04260411412827,320.5106601373001,312.48674931327866,313.9577941894531,198038,0.0,0.0
2015-04-24 00:00:00+05:30,317.8359017260604,317.8359017260604,308.1180633280305,309.7451171875,170896,0.0,0.0
2015-04-27 00:00:00+05:30,318.2816887745301,318.2816887745301,309.8120079808101,312.44207763671875,268178,0.0,0.0
2015-04-28 00:00:00+05:30,312.95473220923134,320.0202461363161,309.8120399790628,314.89385986328125,312678,0.0,0.0
2015-04-29 00:00:00+05:30,318.727492627048,324.07676523057887,314.73782136868635,322.1376647949219,218058,0.0,0.0
2015-04-30 00:00:00+05:30,325.1912290469746,328.8911375205461,312.73187493939076,314.6041259765625,423844,0.0,0.0
2015-05-04 00:00:00+05:30,319.1287007457883,323.47498476054034,315.20587904827886,316.18658447265625,104072,0.0,0.0
2015-05-05 00:00:00+05:30,318.28175605185953,318.28175605185953,309.81207346784646,311.55059814453125,781776,0.0,0.0
2015-05-06 00:00:00+05:30,312.88792994273535,314.51498428989277,304.73026617792374,305.5549621582031,241280,0.0,0.0
2015-05-07 00:00:00+05:30,305.10916193463675,305.10916193463675,295.19071832009814,297.73162841796875,347882,0.0,0.0
2015-05-08 00:00:00+05:30,304.4182064755453,313.712556960268,300.8965910453725,312.39752197265625,226066,0.0,0.0
2015-05-11 00:00:00+05:30,316.0082609218401,316.0082609218401,304.1284082224791,311.1270446777344,141412,0.0,0.0
2015-05-12 00:00:00+05:30,308.47469077385193,314.71550821725356,305.398848436482,306.64703369140625,150462,0.0,0.0
2015-05-13 00:00:00+05:30,311.1493381945414,323.1852008467658,309.2325210655631,319.0395202636719,261072,0.0,0.0
2015-05-14 00:00:00+05:30,320.0648410322483,325.4141141414224,315.27278387194656,323.430419921875,116260,0.0,0.0
2015-05-15 00:00:00+05:30,327.19720614568587,348.99550501317503,325.5924350913106,345.56304931640625,284400,0.0,0.0
2015-05-18 00:00:00+05:30,345.47383430602224,350.3550506968104,338.78724396461536,343.9359130859375,124304,0.0,0.0
2015-05-19 00:00:00+05:30,345.4515269891585,352.5616063305634,340.70403729516926,345.6521301269531,252960,0.0,0.0
2015-05-20 00:00:00+05:30,357.95548923489235,365.8902381001567,347.70271681596023,349.3520812988281,1303528,0.0,0.0
2015-05-21 00:00:00+05:30,349.4635206925755,351.98212017396094,345.0726431838586,348.2153625488281,115310,0.0,0.0
2015-05-22 00:00:00+05:30,349.3966564927332,355.94952099328196,348.1484983040115,354.2333068847656,192860,0.0,0.0
2015-05-25 00:00:00+05:30,354.23330893778694,356.3952957839346,351.3803525974815,354.21099853515625,92168,0.0,0.0
2015-05-26 00:00:00+05:30,356.50671161547547,356.50671161547547,348.59424630609794,350.4442138671875,135238,0.0,0.0
2015-05-27 00:00:00+05:30,349.0177307764593,349.0177307764593,334.59696802533244,338.74267578125,197704,0.0,0.0
2015-05-28 00:00:00+05:30,344.1365537857545,344.1365537857545,332.1452562486973,333.4825744628906,180112,0.0,0.0
2015-05-29 00:00:00+05:30,334.8644661992896,356.35071632738254,333.88376079278277,350.6671142578125,1150244,0.0,0.0
2015-06-01 00:00:00+05:30,345.4738235722797,345.4738235722797,339.7902219586712,341.2389831542969,75918,0.0,0.0
2015-06-02 00:00:00+05:30,342.35349262650533,344.58235651079247,332.5464915356419,336.5361633300781,206174,0.0,0.0
2015-06-03 00:00:00+05:30,336.53609516922006,343.69074134714225,327.6429246305442,339.1661376953125,99344,0.0,0.0
2015-06-04 00:00:00+05:30,339.27761384424645,345.4738656729885,336.5584110749759,337.42767333984375,81368,0.0,0.0
2015-06-05 00:00:00+05:30,337.44991960313774,340.86009149678034,334.3740772203305,335.7113952636719,46470,0.0,0.0
2015-06-08 00:00:00+05:30,334.84218692984746,340.1691491265362,325.4586494799384,333.281982421875,82054,0.0,0.0
2015-06-09 00:00:00+05:30,332.1006150622949,343.2003646233369,329.87175187395735,333.2596130371094,100408,0.0,0.0
2015-06-10 00:00:00+05:30,334.2404287768169,337.2939886789857,331.0977360838906,332.7471008300781,63958,0.0,0.0
2015-06-11 00:00:00+05:30,339.2331075746572,339.2331075746572,327.44241133762847,329.626708984375,74694,0.0,0.0
2015-06-12 00:00:00+05:30,329.6266385573031,330.74107034145266,317.18956896307174,323.87615966796875,81732,0.0,0.0
2015-06-15 00:00:00+05:30,324.09908782094834,327.64298679313004,319.61907691248194,322.38287353515625,147248,0.0,0.0
2015-06-16 00:00:00+05:30,324.81236974325776,329.4261074557578,320.0871616201517,324.4111633300781,282068,0.0,0.0
2015-06-17 00:00:00+05:30,324.5225140414896,330.69645483346994,323.18519598912087,323.6978454589844,94010,0.0,0.0
2015-06-18 00:00:00+05:30,325.81525116949257,327.6206250180669,320.0647729177922,321.15692138671875,294500,0.0,0.0
2015-06-19 00:00:00+05:30,322.65025510085,325.36948472935813,316.4985976583473,318.0810852050781,111632,0.0,0.0
2015-06-22 00:00:00+05:30,320.9118116500433,323.0515153954258,317.92512880170506,319.5744934082031,76580,0.0,0.0
2015-06-23 00:00:00+05:30,318.8834755022234,326.75137418111166,314.71551183064776,320.9563293457031,136982,0.0,0.0
2015-06-24 00:00:00+05:30,305.3542832960346,305.3542832960346,275.93328665729257,279.98980712890625,3683370,0.0,0.0
2015-06-25 00:00:00+05:30,281.10425941798,287.4788309230549,270.1382616594803,272.0773620605469,2520072,0.0,0.0
2015-06-26 00:00:00+05:30,278.11766476090617,280.30193518730215,271.47563906326116,271.9436950683594,1744836,0.0,0.0
2015-06-29 00:00:00+05:30,267.01789432009235,267.01789432009235,256.7651204146464,259.1499938964844,1512752,0.0,0.0
2015-06-30 00:00:00+05:30,258.9493768668254,276.3345124725482,258.5927369343086,267.59735107421875,1097388,0.0,0.0
2015-07-01 00:00:00+05:30,269.95998228190115,273.6376076841658,269.26903992061364,271.16357421875,647226,0.0,0.0
2015-07-02 00:00:00+05:30,273.57077081083713,280.3019291587307,271.5870764237096,278.7640075683594,489348,0.0,0.0
2015-07-03 00:00:00+05:30,279.90071353383576,279.90071353383576,274.12795112567625,274.3062438964844,350234,0.0,0.0
2015-07-06 00:00:00+05:30,274.1502485688578,279.49952171166484,268.3552026641503,277.7164306640625,207896,0.0,0.0
2015-07-07 00:00:00+05:30,279.94526656878173,291.0895845054371,278.1621756989169,285.5174255371094,606878,0.0,0.0
2015-07-08 00:00:00+05:30,280.79221711196317,285.07162388211464,277.3151685024348,279.1428527832031,251876,0.0,0.0
2015-07-09 00:00:00+05:30,284.4029911806046,284.8487638940538,272.9689101975091,276.26763916015625,615778,0.0,0.0
2015-07-10 00:00:00+05:30,281.3049926948627,281.3049926948627,268.0432484676878,271.9214782714844,503394,0.0,0.0
2015-07-13 00:00:00+05:30,274.1502048231677,280.8367951847084,274.1502048231677,279.8115234375,181716,0.0,0.0
2015-07-14 00:00:00+05:30,283.0657141971781,285.29457808849446,277.40439447167233,283.60064697265625,195656,0.0,0.0
2015-07-15 00:00:00+05:30,284.8487726471995,288.3257944773877,283.95722719290467,286.2083740234375,194860,0.0,0.0
2015-07-16 00:00:00+05:30,286.4097825424853,294.91257296171534,286.34264432403575,291.9142150878906,218668,1.25,0.0
2015-07-17 00:00:00+05:30,294.0175269967987,300.95401355456187,292.8987388423208,295.6957092285156,456942,0.0,0.0
2015-07-20 00:00:00+05:30,303.41533624914535,303.41533624914535,257.2765253941514,296.5907287597656,176700,0.0,0.0
2015-07-21 00:00:00+05:30,296.61306706985687,299.72330315143085,286.4097260424274,289.2738342285156,275298,0.0,0.0
2015-07-22 00:00:00+05:30,288.64728972891544,289.273821903603,280.144501349304,285.2461853027344,112364,0.0,0.0
2015-07-23 00:00:00+05:30,286.40982729108265,289.5424347770788,278.3545508985209,283.4786071777344,307266,0.0,0.0
2015-07-24 00:00:00+05:30,286.85728670966313,288.6473477811743,284.6197103702742,285.49237060546875,152638,0.0,0.0
2015-07-27 00:00:00+05:30,287.34953822497204,298.0451638908653,287.34953822497204,295.78521728515625,431732,0.0,0.0
2015-07-28 00:00:00+05:30,299.83522917454906,303.41535131394664,295.36007650030206,300.4617614746094,326468,0.0,0.0
2015-07-29 00:00:00+05:30,302.072769033669,302.072769033669,291.3324039124719,293.2567138671875,124558,0.0,0.0
2015-07-30 00:00:00+05:30,291.8918433981352,299.67862024963887,291.4219578137195,292.1827392578125,186256,0.0,0.0
2015-07-31 00:00:00+05:30,294.62163674050913,299.8352000248142,292.6973267404956,297.6423645019531,111246,0.0,0.0
2015-08-03 00:00:00+05:30,297.73193956979236,302.050473371703,296.0985250258278,299.65625,89830,0.0,0.0
2015-08-04 00:00:00+05:30,299.83527351942985,301.64770515772113,292.7421664073614,299.343017578125,175266,0.0,0.0
2015-08-05 00:00:00+05:30,301.6252519814383,306.1004040879878,298.5373861022548,303.5943298339844,188402,0.0,0.0
2015-08-06 00:00:00+05:30,304.2656368713016,312.3209115690828,303.4153469497591,310.59796142578125,202358,0.0,0.0
2015-08-07 00:00:00+05:30,306.7045080235641,314.15564646145407,306.7045080235641,310.9559020996094,157512,0.0,0.0
2015-08-10 00:00:00+05:30,315.4534271563187,323.0611843926943,311.1125249174379,318.2503967285156,289068,0.0,0.0
2015-08-11 00:00:00+05:30,320.84608680117435,324.4485793574133,315.5877822391749,319.4811706542969,129352,0.0,0.0
2015-08-12 00:00:00+05:30,315.9233984695553,327.13365009974393,315.9010281697272,318.45184326171875,363274,0.0,0.0
2015-08-13 00:00:00+05:30,320.040555109949,326.68614591977456,318.27286433700226,320.2643127441406,195198,0.0,0.0
2015-08-14 00:00:00+05:30,319.14551227179015,325.321217274605,319.14551227179015,321.11456298828125,111498,0.0,0.0
2015-08-17 00:00:00+05:30,323.97859685352745,328.4984889226102,322.2109065561173,327.267822265625,244786,0.0,0.0
2015-08-18 00:00:00+05:30,328.8118563840128,338.32155621138304,328.8118563840128,336.35247802734375,173052,0.0,0.0
2015-08-19 00:00:00+05:30,337.6278754833616,340.1115795819499,333.39885103756933,336.9118347167969,77410,0.0,0.0
2015-08-20 00:00:00+05:30,339.8878444735797,339.8878444735797,322.90463466871614,325.1645812988281,238674,0.0,0.0
2015-08-21 00:00:00+05:30,322.2109184809206,323.59820456538364,311.4481842361604,313.7752685546875,147722,0.0,0.0
2015-08-24 00:00:00+05:30,293.12247925293,312.32089378157315,290.88490307542673,302.0056457519531,199784,0.0,0.0
2015-08-25 00:00:00+05:30,304.24322337934046,309.88193176201764,285.9622368476848,296.94873046875,186626,0.0,0.0
2015-08-26 00:00:00+05:30,295.40479335513794,307.3758257964521,291.1981665679958,302.2294006347656,132962,0.0,0.0
2015-08-27 00:00:00+05:30,305.20543832880884,309.83721081473044,303.86289241240644,305.7424621582031,49112,0.0,0.0
2015-08-28 00:00:00+05:30,306.54797763321926,316.39331414114747,306.54797763321926,313.5292053222656,90956,0.0,0.0
2015-08-31 00:00:00+05:30,317.73576635777016,319.749584595249,311.13491769047846,313.7081298828125,53086,0.0,0.0
2015-09-01 00:00:00+05:30,315.9458020886793,316.41568769127537,302.0728277760035,313.3725891113281,71580,0.0,0.0
2015-09-02 00:00:00+05:30,313.37256573040156,317.6910989828054,305.51867825704227,315.2745056152344,70258,0.0,0.0
2015-09-03 00:00:00+05:30,315.49823043075423,320.77890456945795,311.82860016007487,315.4087219238281,68792,0.0,0.0
2015-09-04 00:00:00+05:30,319.86147973084786,321.6962810708665,308.3379636719891,309.9714050292969,94146,0.0,0.0
2015-09-07 00:00:00+05:30,307.04025683325307,311.5378077488306,303.0126188652742,306.86126708984375,84274,0.0,0.0
2015-09-08 00:00:00+05:30,304.7578446252173,319.54821620330085,303.07966266142205,317.2658996582031,123720,0.0,0.0
2015-09-09 00:00:00+05:30,318.205674510078,322.21094097531136,311.47057627613435,314.3794250488281,84260,0.0,0.0
2015-09-10 00:00:00+05:30,311.4706175196486,315.4982548151613,306.547949714022,311.0902404785156,79656,0.0,0.0
2015-09-11 00:00:00+05:30,312.38801486455947,317.3778208287613,304.3103700632142,306.23468017578125,91096,0.0,0.0
2015-09-14 00:00:00+05:30,312.81318849824413,312.81318849824413,303.415367384563,304.06427001953125,85390,0.0,0.0
2015-09-15 00:00:00+05:30,308.78556402254316,308.78556402254316,299.8352578189912,302.9678649902344,76290,0.0,0.0
2015-09-16 00:00:00+05:30,306.9954428799402,309.6805342170825,299.8351993142273,307.86810302734375,76594,0.0,0.0
2015-09-18 00:00:00+05:30,309.23305682883915,310.15045768510765,302.1175529891666,304.7579040527344,183922,0.0,0.0
2015-09-21 00:00:00+05:30,304.3104210469471,308.83031490447735,302.09521472502183,307.01788330078125,62660,0.0,0.0
2015-09-22 00:00:00+05:30,306.6374269943183,310.97832998904687,304.3103424422221,306.0108947753906,298230,0.0,0.0
2015-09-23 00:00:00+05:30,303.4152951510374,304.3103255202145,296.36693099376777,300.0141906738281,103318,0.0,0.0
2015-09-24 00:00:00+05:30,302.9678418558654,302.9678418558654,296.32225093284654,297.4634094238281,112360,0.0,0.0
2015-09-28 00:00:00+05:30,297.5976654546127,305.3396744464635,297.5976654546127,304.22088623046875,123966,0.0,0.0
2015-09-29 00:00:00+05:30,301.17782070609553,312.9474685635743,290.9297086003842,294.2413330078125,227214,0.0,0.0
2015-09-30 00:00:00+05:30,294.24128943582485,301.5581531600081,293.9280232846192,297.8885498046875,178208,0.0,0.0
2015-10-01 00:00:00+05:30,297.59763970930726,298.9178151528052,287.170539901122,288.98297119140625,121546,0.0,0.0
2015-10-05 00:00:00+05:30,292.1379436085284,293.032974089752,288.82634721649896,289.25146484375,116336,0.0,0.0
2015-10-06 00:00:00+05:30,290.88493384800137,296.7026325249614,289.11724301793816,289.56475830078125,180878,0.0,0.0
2015-10-07 00:00:00+05:30,293.07772637228885,294.82301932909957,289.98986045108046,290.728271484375,132762,0.0,0.0
2015-10-08 00:00:00+05:30,293.52522950427425,294.01748529676314,287.3047573219512,289.0948181152344,118554,0.0,0.0
2015-10-09 00:00:00+05:30,292.1826653585422,299.87990442963167,290.9072307358096,298.08984375,229638,0.0,0.0
2015-10-12 00:00:00+05:30,304.3104062357027,308.5618016169368,298.9402225962491,300.7750244140625,145570,0.0,0.0
2015-10-13 00:00:00+05:30,300.730225681735,306.54792349998286,300.2827104649467,305.65289306640625,122878,0.0,0.0
2015-10-14 00:00:00+05:30,306.10046029205284,310.5084750007092,304.3103991207543,308.9645690917969,96004,0.0,0.0
2015-10-15 00:00:00+05:30,307.9128746555471,314.60323337434943,306.5032179499786,312.7908020019531,102188,0.0,0.0
2015-10-16 00:00:00+05:30,312.92504548282244,315.0954835676563,306.54795302929335,308.22613525390625,48718,0.0,0.0
2015-10-19 00:00:00+05:30,309.2329797633926,310.9559022271492,304.39982143252723,308.62884521484375,64684,0.0,0.0
2015-10-20 00:00:00+05:30,306.212282082486,308.89737333932914,305.2053728611698,306.0108947753906,53350,0.0,0.0
2015-10-21 00:00:00+05:30,306.68216608505764,307.89046260754145,302.1399031196782,303.5719299316406,330316,0.0,0.0
2015-10-23 00:00:00+05:30,306.9954511343715,306.9954511343715,295.38242532614987,297.1501159667969,105478,0.0,0.0
2015-10-26 00:00:00+05:30,302.49789764347446,302.52026794010555,297.8884966569231,299.5442810058594,161714,0.0,0.0
2015-10-27 00:00:00+05:30,301.9385441940977,303.862854303437,295.3600645659329,296.3669738769531,96200,0.0,0.0
2015-10-28 00:00:00+05:30,297.2619850382048,297.2619850382048,287.3495119844315,290.4373779296875,118346,0.0,0.0
2015-10-29 00:00:00+05:30,290.4597959114465,294.5098038565746,289.94516971219406,291.4667053222656,53744,0.0,0.0
2015-10-30 00:00:00+05:30,290.45976788278404,292.3393373977723,286.40976032847186,288.7815856933594,67792,0.0,0.0
2015-11-02 00:00:00+05:30,294.01753637639274,294.01753637639274,285.2462478911343,292.45123291015625,72672,0.0,0.0
2015-11-03 00:00:00+05:30,293.57004124491533,304.3104086075342,290.43743409748487,303.10211181640625,205002,0.0,0.0
2015-11-04 00:00:00+05:30,305.1158849680068,305.2053934787803,295.58381582512374,296.9934997558594,64452,0.0,0.0
2015-11-05 00:00:00+05:30,299.8128654015641,299.8128654015641,287.4614273632272,289.8108825683594,74944,0.0,0.0
2015-11-06 00:00:00+05:30,293.5699927421408,296.18794592858194,288.51307607389674,294.7111511230469,75968,0.0,0.0
2015-11-09 00:00:00+05:30,292.6526083390318,297.5976464755293,279.2495209033538,293.5252685546875,80704,0.0,0.0
2015-11-10 00:00:00+05:30,295.3600706474858,298.53741805757363,291.0415374767473,293.27911376953125,75678,0.0,0.0
2015-11-13 00:00:00+05:30,298.0451776058048,298.0451776058048,289.09487197199684,292.2051086425781,94946,0.0,0.0
2015-11-16 00:00:00+05:30,289.0948205572096,299.61142780658173,289.0948205572096,291.51141357421875,120460,0.0,0.0
2015-11-17 00:00:00+05:30,292.67495550252113,298.0451381722921,292.2721808766237,295.2705383300781,61820,0.0,0.0
2015-11-18 00:00:00+05:30,296.1655733484876,299.3876884629391,292.2274447926745,295.0020446777344,131396,0.0,0.0
2015-11-19 00:00:00+05:30,296.6802286070215,302.05041139264677,292.5854533073174,299.7456970214844,77006,0.0,0.0
2015-11-20 00:00:00+05:30,297.5976421897865,302.05042440418066,293.2119981887697,296.2550964355469,120046,0.0,0.0
2015-11-23 00:00:00+05:30,297.5529218047611,301.60292964235794,293.3462672300298,299.52197265625,35290,0.0,0.0
2015-11-24 00:00:00+05:30,301.58057194113763,302.072827846035,297.2844086677165,301.133056640625,53048,0.0,0.0
2015-11-26 00:00:00+05:30,301.17781395047376,301.17781395047376,298.13471520102917,299.6338806152344,29426,0.0,0.0
2015-11-27 00:00:00+05:30,298.5150386252995,306.27944451222925,298.04515308102236,304.08660888671875,153444,0.0,0.0
2015-11-30 00:00:00+05:30,304.31038065058647,304.31038065058647,296.3669846850748,298.0227966308594,141804,0.0,0.0
2015-12-01 00:00:00+05:30,297.597640257247,302.07279274231837,297.597640257247,298.8506774902344,174042,0.0,0.0
2015-12-02 00:00:00+05:30,298.94021009198576,301.5581635810473,297.2396574734572,299.3205871582031,30420,0.0,0.0
2015-12-03 00:00:00+05:30,299.36536747490516,302.050459293535,295.3601000492824,295.85235595703125,34086,0.0,0.0
2015-12-04 00:00:00+05:30,296.21035081825653,301.58053374424395,293.12248471014857,296.7697448730469,63268,0.0,0.0
2015-12-07 00:00:00+05:30,302.0280804465612,312.23142360585933,298.55983694561746,304.1537780761719,497474,0.0,0.0
2015-12-08 00:00:00+05:30,305.42908434370366,309.971373959606,300.6182965683267,304.93682861328125,215188,0.0,0.0
2015-12-09 00:00:00+05:30,305.6528869003475,306.5479173158683,298.08986896353264,301.0882263183594,113270,0.0,0.0
2015-12-10 00:00:00+05:30,303.4153663340945,306.10045807156433,299.87998462075956,301.62530517578125,234290,0.0,0.0
2015-12-11 00:00:00+05:30,303.8404690951642,304.2879843225482,298.11227964748207,300.0589599609375,443188,0.0,0.0
2015-12-14 00:00:00+05:30,300.28275857369715,300.28275857369715,294.48743012497823,296.635498046875,53582,0.0,0.0
2015-12-15 00:00:00+05:30,298.04513175226555,298.38076816189647,293.7042287248733,295.74041748046875,107686,0.0,0.0
2015-12-16 00:00:00+05:30,296.8816425087632,299.2534679886352,294.4650491131717,295.1363220214844,92350,0.0,0.0
2015-12-17 00:00:00+05:30,299.3653627930686,299.8352483911469,295.360095430085,296.43414306640625,220606,0.0,0.0
2015-12-18 00:00:00+05:30,295.3600527605431,299.7456965659733,294.46502229763234,297.28436279296875,207198,0.0,0.0
2015-12-21 00:00:00+05:30,299.29820651805755,299.29820651805755,295.807592881831,297.7319030761719,150636,0.0,0.0
2015-12-22 00:00:00+05:30,300.26041641015917,300.26041641015917,293.6595652864196,294.5545959472656,76754,0.0,0.0
2015-12-23 00:00:00+05:30,297.5976104551781,297.5976104551781,292.00367040902813,293.7265930175781,210970,0.0,0.0
2015-12-24 00:00:00+05:30,293.1224619317324,294.89015247033603,289.31858265475574,291.0862731933594,203248,0.0,0.0
2015-12-28 00:00:00+05:30,293.5699040575474,293.5699040575474,288.58009979310276,289.4303894042969,80314,0.0,0.0
2015-12-29 00:00:00+05:30,289.54234376336046,290.8848894067764,287.0810100837647,288.1326599121094,70606,0.0,0.0
2015-12-30 00:00:00+05:30,289.5199835492383,291.0415189429403,288.64732338779163,289.9674987792969,63204,0.0,0.0
2015-12-31 00:00:00+05:30,290.84016122949936,290.84016122949936,285.58185723493085,287.1257629394531,109882,0.0,0.0
2016-01-01 00:00:00+05:30,287.7746550966827,290.88489132055787,286.4097391463954,290.48211669921875,40898,0.0,0.0
2016-01-04 00:00:00+05:30,290.4821596228911,290.4821596228911,286.4097814683048,289.63189697265625,36808,0.0,0.0
2016-01-05 00:00:00+05:30,290.8849018271925,290.8849018271925,286.43211979023613,287.1257629394531,61096,0.0,0.0
2016-01-06 00:00:00+05:30,286.85734919896163,289.8557076097411,286.4098338335966,287.68524169921875,119736,0.0,0.0
2016-01-07 00:00:00+05:30,286.4097383623279,286.6334959704235,278.48871357291256,280.52490234375,104628,0.0,0.0
2016-01-08 00:00:00+05:30,280.59202608999726,285.7384508109462,279.6969957037453,281.82269287109375,69694,0.0,0.0
2016-01-11 00:00:00+05:30,279.6969989236354,282.85197560866203,274.5729444405224,276.4748840332031,184132,0.0,0.0
2016-01-12 00:00:00+05:30,280.1445683745856,284.17220593907643,277.4818469663391,281.9793701171875,124922,0.0,0.0
2016-01-13 00:00:00+05:30,284.1721109360279,287.75223201868647,277.45938390604294,279.8759765625,200834,0.0,0.0
2016-01-14 00:00:00+05:30,277.45948336653623,280.3683327889273,272.51444481130454,278.9586486816406,49580,0.0,0.0
2016-01-15 00:00:00+05:30,277.4818572492284,279.71943375686544,274.50589688257105,276.4078369140625,41938,0.0,0.0
2016-01-18 00:00:00+05:30,276.5644666219167,276.5644666219167,266.2716143042726,267.9945373535156,92066,0.0,0.0
2016-01-19 00:00:00+05:30,276.11686126820587,276.11686126820587,262.6914061011943,275.3337097167969,57956,0.0,0.0
2016-01-20 00:00:00+05:30,272.98431812697146,275.35614362491384,265.48843726037023,267.79315185546875,65166,0.0,0.0
2016-01-21 00:00:00+05:30,275.66942138794786,275.6917916898377,266.71911549872874,271.82080078125,118946,0.0,0.0
2016-01-22 00:00:00+05:30,272.98424635683784,276.1392227576386,262.0648655769013,263.4521789550781,166166,0.0,0.0
2016-01-25 00:00:00+05:30,284.46303688944545,286.7229830998884,270.3439110199363,272.380126953125,496384,0.0,0.0
2016-01-27 00:00:00+05:30,275.22187749863133,286.5440078093196,272.98430125880503,283.88128662109375,513288,0.0,0.0
2016-01-28 00:00:00+05:30,284.70912267708616,290.8624555310566,281.48700837435786,285.85028076171875,209568,0.0,0.0
2016-01-29 00:00:00+05:30,286.4097279115628,298.82827470772827,285.49232721467814,296.6578369140625,375674,0.0,0.0
2016-02-01 00:00:00+05:30,297.57523761094717,308.33797270479187,295.36003190879916,296.6578369140625,246764,0.0,0.0
2016-02-02 00:00:00+05:30,300.3102685995412,303.24122467446165,298.50660332266705,300.62591552734375,394314,2.5,0.0
2016-02-03 00:00:00+05:30,297.60471372618775,298.5065461920247,293.7719257463808,296.4323425292969,147676,0.0,0.0
2016-02-04 00:00:00+05:30,298.3261787453999,300.73859718587113,286.5798159863051,290.2096862792969,127362,0.0,0.0
2016-02-05 00:00:00+05:30,290.7057951549081,291.96835551223234,283.7616719069976,289.17266845703125,175946,0.0,0.0
2016-02-08 00:00:00+05:30,291.92325685271885,297.0186061182753,284.52821768238476,287.2562561035156,85324,0.0,0.0
2016-02-09 00:00:00+05:30,287.2336868808401,287.25622719178745,279.61319030183324,281.01104736328125,80016,0.0,0.0
2016-02-10 00:00:00+05:30,281.0110315584202,283.8517986216909,275.104011769846,275.8705749511719,286584,0.0,0.0
2016-02-11 00:00:00+05:30,280.4699612387323,280.4699612387323,264.23697312845195,270.43707275390625,130954,0.0,0.0
2016-02-12 00:00:00+05:30,272.80436994442715,274.22476734209306,259.2768805256952,264.1693115234375,92646,0.0,0.0
2016-02-15 00:00:00+05:30,273.93172878188074,278.666351254654,269.40002420514867,277.1557922363281,39038,0.0,0.0
2016-02-16 00:00:00+05:30,278.4859451528736,280.0190718528783,270.59490850645597,276.0284729003906,219590,0.0,0.0
2016-02-17 00:00:00+05:30,276.70477879799745,290.1871586947933,273.3454470978849,288.02276611328125,90716,0.0,0.0
2016-02-18 00:00:00+05:30,288.02283627327915,294.4483946558924,286.03879320257863,291.2694396972656,71276,0.0,0.0
2016-02-19 00:00:00+05:30,288.608972652328,295.1247186993912,288.608972652328,293.65924072265625,49448,0.0,0.0
2016-02-22 00:00:00+05:30,293.5465739830665,298.41646555861934,290.11962037998364,296.13934326171875,85914,0.0,0.0
2016-02-23 00:00:00+05:30,291.8556333282372,295.12477715462535,284.911509915898,290.36761474609375,83192,0.0,0.0
2016-02-24 00:00:00+05:30,290.32254727979677,290.36765543815426,281.1238681508758,283.9195556640625,70356,0.0,0.0
2016-02-25 00:00:00+05:30,283.9195183094597,284.0773280385579,280.1318095935779,282.7245788574219,26816,0.0,0.0
2016-02-26 00:00:00+05:30,282.74704800797474,285.1820069298642,276.885136365107,279.6357421875,63494,0.0,0.0
2016-02-29 00:00:00+05:30,283.91940598127604,283.91940598127604,261.5314048822299,274.02178955078125,69250,0.0,0.0
2016-03-01 00:00:00+05:30,279.0720817597244,281.2815549003862,273.48070917837737,277.6742248535156,150394,0.0,0.0
2016-03-02 00:00:00+05:30,281.8227636342412,283.4235114273328,273.81899714702877,275.3746643066406,99894,0.0,0.0
2016-03-03 00:00:00+05:30,279.11716951149367,281.77758649776484,264.07912300289223,271.4966735839844,386290,0.0,0.0
2016-03-04 00:00:00+05:30,273.6836832475918,279.43286669141145,271.0007254694593,273.142578125,96934,0.0,0.0
2016-03-08 00:00:00+05:30,277.0430836688011,278.66637191396626,271.00079210403516,274.6081237792969,143140,0.0,0.0
2016-03-09 00:00:00+05:30,277.02043951182605,277.02043951182605,270.09888477544536,272.5338439941406,121888,0.0,0.0
2016-03-10 00:00:00+05:30,273.6610617533694,277.08801397693423,268.7460640036661,270.2566223144531,799988,0.0,0.0
2016-03-11 00:00:00+05:30,270.61745361386426,273.43568075088376,268.70105916069093,270.2792663574219,477132,0.0,0.0
2016-03-14 00:00:00+05:30,271.90259997343645,274.1571820627684,268.3854574184294,270.4145812988281,91906,0.0,0.0
2016-03-15 00:00:00+05:30,275.9382352804724,279.3426478410135,270.09886369131084,276.05096435546875,367834,0.0,0.0
2016-03-16 00:00:00+05:30,276.8626768927578,308.4268257241797,276.05103285572915,298.6870422363281,889830,0.0,0.0
2016-03-17 00:00:00+05:30,302.1068513586202,303.48839748944175,292.63981416919626,296.3315124511719,949748,1.5,0.0
2016-03-18 00:00:00+05:30,297.5998675505829,307.9728420293198,294.4517355684103,304.46234130859375,611012,0.0,0.0
2016-03-21 00:00:00+05:30,312.094799690786,361.4682875954241,312.094799690786,335.4679260253906,3955724,0.0,0.0
2016-03-22 00:00:00+05:30,326.1368288583311,334.31289244129,313.49901568128615,324.3929138183594,1611828,0.0,0.0
2016-03-23 00:00:00+05:30,325.5933067366462,332.27458296915046,321.6977940259722,329.3302917480469,400738,0.0,0.0
2016-03-28 00:00:00+05:30,330.2814433547067,344.2554872727177,329.3301944990683,335.5358581542969,515388,0.0,0.0
2016-03-29 00:00:00+05:30,333.3843885011632,343.8026506418245,333.2937893879378,340.7451171875,228300,0.0,0.0
2016-03-30 00:00:00+05:30,343.2816286996926,345.1614560875624,337.959257165534,342.262451171875,134368,0.0,0.0
2016-03-31 00:00:00+05:30,342.26243959215395,347.40364042449045,335.64912113862454,345.2294006347656,170712,0.0,0.0
2016-04-01 00:00:00+05:30,344.25553001923373,344.25553001923373,332.9313349528116,335.6944274902344,299296,0.0,0.0
2016-04-04 00:00:00+05:30,339.7259044171173,341.9907437798981,337.46106505433653,340.2921142578125,202174,0.0,0.0
2016-04-05 00:00:00+05:30,341.08479619533927,341.99073190900555,335.37741225802756,338.5481872558594,119284,0.0,0.0
2016-04-06 00:00:00+05:30,338.54822883302086,339.70329148040594,331.8442816110067,334.76593017578125,104232,0.0,0.0
2016-04-07 00:00:00+05:30,336.102146778941,336.102146778941,326.7483495597982,329.0585021972656,82984,0.0,0.0
2016-04-08 00:00:00+05:30,335.1282033093361,335.98885315611665,326.1368038724691,329.9870300292969,41594,0.0,0.0
2016-04-11 00:00:00+05:30,328.1751703059941,330.7344494285862,322.1507041099621,325.02703857421875,90988,0.0,0.0
2016-04-12 00:00:00+05:30,323.1925301506365,328.85462773561613,322.9434033862896,325.86505126953125,171724,0.0,0.0
2016-04-13 00:00:00+05:30,328.4243217820187,331.1194859177182,326.54452186327615,328.10723876953125,72606,0.0,0.0
2016-04-18 00:00:00+05:30,328.1072093883297,351.72949082237005,328.1072093883297,349.3514099121094,742684,0.0,0.0
2016-04-20 00:00:00+05:30,350.77828772544325,355.5344497928502,344.30082583988184,346.8148193359375,248904,0.0,0.0
2016-04-21 00:00:00+05:30,344.3688043917019,348.5134712350108,333.8373019884042,338.0725402832031,161260,0.0,0.0
2016-04-22 00:00:00+05:30,338.2763156133969,341.8774148132292,335.2414261101747,337.6195068359375,68524,0.0,0.0
2016-04-25 00:00:00+05:30,337.00802098661484,338.3669242970447,323.69075748561835,325.5252990722656,220684,0.0,0.0
2016-04-26 00:00:00+05:30,326.0235808636909,335.4226629101259,319.9085154358898,331.02886962890625,564282,0.0,0.0
2016-04-27 00:00:00+05:30,333.7920123352597,343.2590236025282,333.7466989630846,339.5673522949219,406834,0.0,0.0
2016-04-28 00:00:00+05:30,341.51506683983456,342.4436452691752,331.0514944239896,333.9278564453125,103932,0.0,0.0
2016-04-29 00:00:00+05:30,337.43842179343966,339.18233704194495,333.8826074098748,336.3512878417969,391728,0.0,0.0
2016-05-02 00:00:00+05:30,336.28340566663064,336.5778182359051,331.57252808855225,334.96978759765625,50346,0.0,0.0
2016-05-03 00:00:00+05:30,331.5497642887324,337.34774620673403,326.8162455698672,331.0514831542969,157186,0.0,0.0
2016-05-04 00:00:00+05:30,332.0254108213508,336.9627710997163,326.5897970016289,333.4522705078125,84196,0.0,0.0
2016-05-05 00:00:00+05:30,333.9957861386533,336.23798221002295,328.58284321043624,330.39471435546875,106184,0.0,0.0
2016-05-06 00:00:00+05:30,329.76058582979584,333.81465350640906,327.6089886008239,328.5375671386719,64642,0.0,0.0
2016-05-09 00:00:00+05:30,328.44701199097483,332.90876237730686,324.8006259391371,327.11077880859375,115680,0.0,0.0
2016-05-10 00:00:00+05:30,327.1786255837396,328.40164413266,320.6559060677631,324.8911437988281,147906,0.0,0.0
2016-05-11 00:00:00+05:30,326.1141968925405,332.4557465544394,324.3249684228266,328.10723876953125,77570,0.0,0.0
2016-05-12 00:00:00+05:30,329.73797637378686,335.19623384140584,325.8651064986611,333.6788024902344,92540,0.0,0.0
2016-05-13 00:00:00+05:30,333.6787068822083,336.28327146645415,329.53404087632106,333.6560363769531,76444,0.0,0.0
2016-05-16 00:00:00+05:30,332.93134668191226,333.52019931671924,323.87199030961534,324.8232116699219,74640,0.0,0.0
2016-05-17 00:00:00+05:30,329.3755107880888,329.3755107880888,325.0723171589498,326.9294738769531,140208,0.0,0.0
2016-05-18 00:00:00+05:30,326.92952246266543,334.2676066396437,326.92952246266543,332.6595764160156,87082,0.0,0.0
2016-05-19 00:00:00+05:30,335.10560900347514,335.10560900347514,324.075852944289,327.0654296875,76220,0.0,0.0
2016-05-20 00:00:00+05:30,323.93997413708286,330.4626946926191,323.93997413708286,328.333740234375,54164,0.0,0.0
2016-05-23 00:00:00+05:30,329.3076012278098,332.36513397648616,327.31453178470287,329.8964538574219,46022,0.0,0.0
2016-05-24 00:00:00+05:30,327.88071181761853,330.6664746836686,327.88071181761853,329.48876953125,34192,0.0,0.0
2016-05-25 00:00:00+05:30,329.7605635810013,332.0254026165851,326.2274202148828,327.85809326171875,45212,0.0,0.0
2016-05-26 00:00:00+05:30,328.1978445699517,332.4783962085691,327.8581186882672,331.3233337402344,177516,0.0,0.0
2016-05-27 00:00:00+05:30,333.3616687652757,335.105583793125,328.6734352948496,332.25189208984375,149872,0.0,0.0
2016-05-30 00:00:00+05:30,334.2676070513785,334.2902499129017,331.9574545898197,333.4522705078125,226846,0.0,0.0
2016-05-31 00:00:00+05:30,335.1736271006498,335.1736271006498,330.6665906439854,333.36175537109375,129604,0.0,0.0
2016-06-01 00:00:00+05:30,330.6665282717118,334.2902710472922,330.0550327371179,333.7467041015625,132940,0.0,0.0
2016-06-02 00:00:00+05:30,333.38429562391497,333.83726341688225,327.94868210830765,329.2849426269531,329838,0.0,0.0
2016-06-03 00:00:00+05:30,329.3076058108014,333.3843161991057,326.1368310643425,330.34942626953125,84332,0.0,0.0
2016-06-06 00:00:00+05:30,333.79193608009734,334.0410628057769,326.5897380110842,328.3563232421875,93902,0.0,0.0
2016-06-07 00:00:00+05:30,331.39125158253376,331.57244977234177,327.948707151879,329.60205078125,79292,0.0,0.0
2016-06-08 00:00:00+05:30,330.46268154765465,330.6212368795469,325.8197611960136,326.5671691894531,75268,0.0,0.0
2016-06-09 00:00:00+05:30,325.6838883043032,329.17174632318574,323.8946597445877,325.9556579589844,54330,0.0,0.0
2016-06-10 00:00:00+05:30,326.11415925058117,326.8162537812877,320.701188741721,321.6977233886719,109446,0.0,0.0
2016-06-13 00:00:00+05:30,319.3423221744245,325.6612289723748,318.0287044003121,323.7587585449219,56270,0.0,0.0
2016-06-14 00:00:00+05:30,323.0792182513654,323.8719117416421,318.0965734553401,319.0704650878906,71050,0.0,0.0
2016-06-15 00:00:00+05:30,321.1315866778175,323.87203684480346,318.6629061822647,319.0932312011719,120520,0.0,0.0
2016-06-16 00:00:00+05:30,320.2255714175747,321.17679267842516,317.9154191960029,319.2743225097656,70358,0.0,0.0
2016-06-17 00:00:00+05:30,322.4903638178381,322.4903638178381,307.3159456667559,310.44140625,263858,0.0,0.0
2016-06-20 00:00:00+05:30,310.4415325159737,314.26911671787974,310.4415325159737,313.24993896484375,63286,0.0,0.0
2016-06-21 00:00:00+05:30,313.4536689566868,319.2969637286792,312.6383325726069,315.33349609375,69274,0.0,0.0
2016-06-22 00:00:00+05:30,313.5896018257514,321.5844945396248,313.5896018257514,317.5530700683594,81794,0.0,0.0
2016-06-23 00:00:00+05:30,314.9485192928832,323.4190230448795,314.9485192928832,319.7046813964844,107472,0.0,0.0
2016-06-24 00:00:00+05:30,315.24292670091694,326.0235541536105,303.4884074788733,322.4224548339844,125380,0.0,0.0
2016-06-27 00:00:00+05:30,319.3423055059261,323.8719835982087,317.9834020782413,320.4067687988281,43940,0.0,0.0
2016-06-28 00:00:00+05:30,324.95918379861934,324.95918379861934,314.81269173987135,318.0740661621094,205460,0.0,0.0
2016-06-29 00:00:00+05:30,320.701197414128,320.701197414128,313.4537127268031,315.537353515625,97618,0.0,0.0
2016-06-30 00:00:00+05:30,318.5496050541416,318.5496050541416,313.04603523046893,315.9903259277344,133724,0.0,0.0
2016-07-01 00:00:00+05:30,316.1715217484808,317.0548144804653,311.41535988836756,312.3892517089844,98124,0.0,0.0
2016-07-04 00:00:00+05:30,311.75512405037824,315.49210882831596,308.60699195048045,309.7620544433594,115338,0.0,0.0
2016-07-05 00:00:00+05:30,311.9136245312574,314.5861456829569,310.7359192779099,312.54779052734375,76356,0.0,0.0
2016-07-07 00:00:00+05:30,312.5478237587866,312.5478237587866,299.6382397339671,303.8961486816406,162172,0.0,0.0
2016-07-08 00:00:00+05:30,303.8735141519951,308.674990630217,300.77069499882134,307.5199279785156,204540,0.0,0.0
2016-07-11 00:00:00+05:30,311.59656315931386,312.4571853979887,305.8438665241262,307.3612976074219,544490,0.0,0.0
2016-07-12 00:00:00+05:30,308.01809971997955,309.6487727185366,300.88385696911234,301.7445068359375,157412,0.0,0.0
2016-07-13 00:00:00+05:30,301.74455420439267,305.68535251069983,301.67659796588487,302.3786926269531,134134,0.0,0.0
2016-07-14 00:00:00+05:30,302.58252800026474,308.0181422757186,302.51457176303603,307.4066467285156,74504,0.0,0.0
2016-07-15 00:00:00+05:30,311.1436121991754,312.04954785542924,294.88205611063364,296.94305419921875,187796,0.0,0.0
2016-07-18 00:00:00+05:30,301.26889765763855,301.26889765763855,290.3976695578127,291.5074462890625,156528,0.0,0.0
2016-07-19 00:00:00+05:30,294.20255008296573,294.20255008296573,287.63451778704115,290.3296813964844,67688,0.0,0.0
2016-07-20 00:00:00+05:30,289.8993518418463,293.5230937398694,286.819176757918,289.876708984375,198212,0.0,0.0
2016-07-21 00:00:00+05:30,289.89941676551996,290.80535244291224,282.0857215480118,286.388916015625,77352,0.0,0.0
2016-07-22 00:00:00+05:30,283.39935011988894,302.0389608031314,283.39935011988894,298.75494384765625,298860,0.0,0.0
2016-07-25 00:00:00+05:30,298.505811570365,303.26197397019627,294.42910094193815,301.4274597167969,220486,0.0,0.0
2016-07-26 00:00:00+05:30,301.42744914306223,316.1715465359403,301.404806280869,313.114013671875,323324,0.0,0.0
2016-07-27 00:00:00+05:30,310.7585702412406,316.1262555458116,309.3317381832877,315.42413330078125,158114,0.0,0.0
2016-07-28 00:00:00+05:30,315.3562259523884,319.34233754411366,310.75859116867696,314.880615234375,181502,0.0,0.0
2016-07-29 00:00:00+05:30,314.8353001083206,316.6245286537107,308.6975912410641,310.9171447753906,170970,0.0,0.0
2016-08-01 00:00:00+05:30,314.3143968917282,314.3143968917282,302.62780444055073,307.7010498046875,134782,0.0,0.0
2016-08-02 00:00:00+05:30,307.5650994207878,314.201087956028,303.51103256618865,305.6852722167969,128762,0.0,0.0
2016-08-03 00:00:00+05:30,307.95019449713925,311.8683776204375,304.16792385203166,306.7272033691406,121668,0.0,0.0
2016-08-04 00:00:00+05:30,307.9954889185398,307.9954889185398,301.22361416836964,302.967529296875,40896,0.0,0.0
2016-08-05 00:00:00+05:30,307.8822041577004,307.8822041577004,301.67654007128664,305.9344482421875,51086,0.0,0.0
2016-08-08 00:00:00+05:30,303.94138749762965,310.19233747862114,301.67654854459215,303.6922607421875,84284,0.0,0.0
2016-08-09 00:00:00+05:30,303.94142114439677,308.6296272373918,303.94142114439677,305.3229675292969,69668,0.0,0.0
2016-08-10 00:00:00+05:30,305.3229374684607,306.59124176830085,301.8124370482643,302.5598449707031,131034,0.0,0.0
2016-08-11 00:00:00+05:30,302.55983922249874,309.37699889571365,302.55983922249874,305.6400146484375,198526,0.0,0.0
2016-08-12 00:00:00+05:30,303.6016504594476,313.45369954186907,303.6016504594476,308.6522521972656,133752,0.0,0.0
2016-08-16 00:00:00+05:30,310.2830211960732,313.6802805522346,304.8021204935865,307.5199279785156,118126,0.0,0.0
2016-08-17 00:00:00+05:30,306.7045425007141,309.10529439803156,304.8926709688311,306.0704040527344,103116,0.0,0.0
2016-08-18 00:00:00+05:30,305.75324724321626,308.42576816679235,299.86466618519876,300.8158874511719,59246,0.0,0.0
2016-08-19 00:00:00+05:30,301.29150254226056,303.42042879720117,292.20947726113246,293.02484130859375,173834,0.0,0.0
2016-08-22 00:00:00+05:30,292.1642879419745,296.69396682479584,288.63114394276704,291.9151611328125,90646,0.0,0.0
2016-08-23 00:00:00+05:30,293.52309943652466,296.67123080092205,290.35232521421653,293.4778137207031,78144,0.0,0.0
2016-08-24 00:00:00+05:30,294.8820683287587,294.8820683287587,289.49173989192076,290.78271484375,79806,0.0,0.0
2016-08-25 00:00:00+05:30,290.80536089521667,292.1642644508018,286.9777770175925,290.0579528808594,103946,0.0,0.0
2016-08-26 00:00:00+05:30,291.7113044420379,291.7113044420379,283.3313989572899,285.8000793457031,176158,0.0,0.0
2016-08-29 00:00:00+05:30,287.86100262981677,287.86100262981677,272.1883296744507,275.4270324707031,227312,0.0,0.0
2016-08-30 00:00:00+05:30,279.5264741875108,283.17288782385316,274.9515095519404,280.5003662109375,151812,0.0,0.0
2016-08-31 00:00:00+05:30,282.38018463023536,283.98821505878055,278.8243702195734,281.9498596191406,120820,0.0,0.0
2016-09-01 00:00:00+05:30,284.23722539792675,288.08745076188274,279.9340323440936,283.2180480957031,84166,0.0,0.0
2016-09-02 00:00:00+05:30,280.8400351941441,284.848789153857,277.8051454134605,280.16058349609375,222476,0.0,0.0
2016-09-06 00:00:00+05:30,282.3575337580434,284.39588933945953,277.2163590725918,281.428955078125,234216,0.0,0.0
2016-09-07 00:00:00+05:30,283.9881721225261,283.9881721225261,276.31036226463306,277.8504638671875,185602,0.0,0.0
2016-09-08 00:00:00+05:30,276.4916256225388,279.6624010189121,272.68668408810385,274.3626708984375,224416,0.0,0.0
2016-09-09 00:00:00+05:30,280.7041334639543,288.993438151123,276.53682443771254,279.1640319824219,296336,0.0,0.0
2016-09-12 00:00:00+05:30,280.2964484376761,282.10831950404366,276.31033762105903,279.5263977050781,189478,0.0,0.0
2016-09-14 00:00:00+05:30,280.84002567227526,282.17628616252716,279.4811223222481,280.8173828125,237826,0.0,0.0
2016-09-15 00:00:00+05:30,281.49683102830244,281.49683102830244,278.59782619175223,280.3870544433594,99558,0.0,0.0
2016-09-16 00:00:00+05:30,282.1990059518745,282.28960506263286,275.3138882387436,277.4881286621094,551318,0.0,0.0
2016-09-19 00:00:00+05:30,280.79478664551954,280.8400723726005,275.08737503815604,277.8731384277344,98984,0.0,0.0
2016-09-20 00:00:00+05:30,278.12227580636613,280.84008306180294,273.38875597375403,274.4532470703125,196588,0.0,0.0
2016-09-21 00:00:00+05:30,277.8277902913095,277.8277902913095,270.92003131097374,272.3016052246094,148712,0.0,0.0
2016-09-22 00:00:00+05:30,272.68665731629807,273.5699501908186,271.7807215777057,272.4375305175781,779948,0.0,0.0
2016-09-23 00:00:00+05:30,272.68662975959154,274.0228903683706,268.0663524302858,269.7196960449219,261526,0.0,0.0
2016-09-26 00:00:00+05:30,270.376558305541,274.4985552547042,270.376558305541,272.77728271484375,102022,0.0,0.0
2016-09-27 00:00:00+05:30,272.7092845338012,275.9027022997255,272.6866416710285,273.8190612792969,260210,0.0,0.0
2016-09-28 00:00:00+05:30,273.8189651084794,283.42188554324605,273.56983841155136,282.7877197265625,178854,0.0,0.0
2016-09-29 00:00:00+05:30,284.46382517015047,286.72866454252426,274.9514998061805,280.3644714355469,355914,0.0,0.0
2016-09-30 00:00:00+05:30,277.21622942125396,292.93421397175183,274.543708961189,289.9446105957031,191602,0.0,0.0
2016-10-03 00:00:00+05:30,290.8053561625054,292.16425969597503,287.7931089378624,289.9673767089844,127394,0.0,0.0
2016-10-04 00:00:00+05:30,292.27745493005136,303.0354395167832,288.4045860082196,299.5928955078125,242386,0.0,0.0
2016-10-05 00:00:00+05:30,301.6766091299713,320.24829227460924,301.6766091299713,315.1297607421875,982688,0.0,0.0
2016-10-06 00:00:00+05:30,313.81611173202486,315.8997803689936,305.753289768269,311.18890380859375,257734,0.0,0.0
2016-10-07 00:00:00+05:30,314.01992531219815,314.01992531219815,301.3141841340429,305.7079772949219,108716,0.0,0.0
2016-10-10 00:00:00+05:30,306.6591774092818,315.7185327241794,303.03543528332284,306.2514953613281,375300,0.0,0.0
2016-10-13 00:00:00+05:30,305.70801390511133,314.35968880626785,301.24626398157045,306.976318359375,243652,0.0,0.0
2016-10-14 00:00:00+05:30,312.5478267965171,314.359698256207,306.20627668760227,311.0303955078125,240946,0.0,0.0
2016-10-17 00:00:00+05:30,310.28290792936025,316.1941315218347,308.0180691853503,310.4187927246094,127054,0.0,0.0
2016-10-18 00:00:00+05:30,312.54781447929014,314.8126537146473,310.2829752439329,312.8422546386719,174350,0.0,0.0
2016-10-19 00:00:00+05:30,310.3281632701389,317.0773931254481,310.3281632701389,314.7445983886719,175440,0.0,0.0
2016-10-20 00:00:00+05:30,314.8126283097589,317.9834029833824,307.3386594362179,310.1697082519531,172316,0.0,0.0
2016-10-21 00:00:00+05:30,312.547773881392,312.547773881392,304.50759564024025,306.4327087402344,95232,0.0,0.0
2016-10-24 00:00:00+05:30,305.30028685319985,305.75325463784856,295.4482375370914,298.9134521484375,221930,0.0,0.0
2016-10-25 00:00:00+05:30,301.2235863865974,301.2235863865974,295.7879727976663,298.25665283203125,74036,0.0,0.0
2016-10-26 00:00:00+05:30,301.2009779192778,301.2009779192778,296.6939422744187,298.3246154785156,59648,0.0,0.0
2016-10-27 00:00:00+05:30,298.95875125850677,302.12952589306667,293.6816652722049,299.47967529296875,63098,0.0,0.0
2016-10-28 00:00:00+05:30,299.86469079227663,301.15563799445596,290.35236676412285,292.0736389160156,123630,0.0,0.0
2016-11-01 00:00:00+05:30,294.5876357142576,301.4048241021975,292.7304785532085,300.7253723144531,91022,0.0,0.0
2016-11-02 00:00:00+05:30,298.8908425936439,302.12957397313147,296.1277496026008,300.90655517578125,92790,0.0,0.0
2016-11-03 00:00:00+05:30,299.4116686907448,300.3176041482055,292.2094707451502,296.0823669433594,112676,0.0,0.0
2016-11-04 00:00:00+05:30,296.26358542521575,298.3698967637017,291.2582967415532,293.9534606933594,70964,0.0,0.0
2016-11-07 00:00:00+05:30,296.69395134357796,300.45357909075256,293.97614415569785,297.2375183105469,60980,0.0,0.0
2016-11-08 00:00:00+05:30,300.4082847284391,301.1783356055978,295.76536424926206,300.27239990234375,63638,0.0,0.0
2016-11-09 00:00:00+05:30,290.98651499975415,298.86813783961844,283.10486451293036,297.32806396484375,162554,0.0,0.0
2016-11-10 00:00:00+05:30,297.3280941263021,298.00754587005787,285.36973237741597,287.1136474609375,156824,0.0,0.0
2016-11-11 00:00:00+05:30,289.40110075638574,293.6363380755535,285.82264454404054,289.9219970703125,88436,0.0,0.0
2016-11-15 00:00:00+05:30,289.8994295459102,289.8994295459102,274.4985223512837,277.8731384277344,372812,0.0,0.0
2016-11-16 00:00:00+05:30,279.9567435401116,282.3801378607073,273.13958367269754,274.2720031738281,185882,0.0,0.0
2016-11-17 00:00:00+05:30,278.1222406405889,278.1222406405889,272.8225116331919,274.7929382324219,219536,0.0,0.0
2016-11-18 00:00:00+05:30,275.40439881263046,279.9340764246803,269.96878567817066,271.2144470214844,308114,0.0,0.0
2016-11-21 00:00:00+05:30,273.13963889056265,274.272058620623,264.8729748611219,267.50018310546875,196778,0.0,0.0
2016-11-22 00:00:00+05:30,269.5158969409046,272.0298632233131,264.98621800072135,267.5228271484375,99990,0.0,0.0
2016-11-23 00:00:00+05:30,270.4218061336687,270.4218061336687,264.14821247729276,267.1830749511719,88744,0.0,0.0
2016-11-24 00:00:00+05:30,270.6483002561821,272.73194138346895,266.39039125194336,270.46710205078125,226132,0.0,0.0
2016-11-25 00:00:00+05:30,272.23369211511357,274.04556361005604,268.2928660842206,273.2755126953125,2726364,0.0,0.0
2016-11-28 00:00:00+05:30,278.12225421552205,278.12225421552205,271.78070444513554,273.00372314453125,187968,0.0,0.0
2016-11-29 00:00:00+05:30,273.1395545943833,274.49845785107175,271.1464854257905,272.73187255859375,237776,0.0,0.0
2016-11-30 00:00:00+05:30,274.95146685711256,276.31037031769137,273.5925633965337,276.01593017578125,446724,0.0,0.0
2016-12-01 00:00:00+05:30,275.1100283728043,275.4044685509293,272.46017735753946,274.4532470703125,120116,0.0,0.0
2016-12-02 00:00:00+05:30,274.4531967122443,274.4531967122443,267.56808073239415,270.26324462890625,63192,0.0,0.0
2016-12-05 00:00:00+05:30,270.2859349087437,273.54730911843046,264.55588026583035,268.9043884277344,116858,0.0,0.0
2016-12-06 00:00:00+05:30,269.35735538682627,273.139626048614,266.3451079877032,271.66748046875,39434,0.0,0.0
2016-12-07 00:00:00+05:30,273.79638352432823,273.79638352432823,267.9530880315388,271.8033142089844,67386,0.0,0.0
2016-12-08 00:00:00+05:30,271.80331989526314,273.7510758846213,267.70396687937875,272.6413269042969,136136,0.0,0.0
2016-12-09 00:00:00+05:30,273.77379432378314,273.77379432378314,270.96538797333955,272.0751647949219,87268,0.0,0.0
2016-12-12 00:00:00+05:30,272.0751484336452,272.6866439684769,269.9688368857346,271.8713073730469,31738,0.0,0.0
2016-12-13 00:00:00+05:30,272.64137244959977,272.64137244959977,270.8068304555821,271.66748046875,172996,0.0,0.0
2016-12-14 00:00:00+05:30,272.6186870661529,273.16225401076514,270.19532014875074,272.2789611816406,152050,0.0,0.0
2016-12-15 00:00:00+05:30,273.5700284008443,279.1415292566122,267.25111928827783,274.6571350097656,243626,0.0,0.0
2016-12-16 00:00:00+05:30,279.5264579125275,281.70072577805286,275.8574292716412,278.303466796875,149608,0.0,0.0
2016-12-19 00:00:00+05:30,280.38712030126675,280.84008818543685,274.498537807056,275.3365173339844,54846,0.0,0.0
2016-12-20 00:00:00+05:30,277.48807422132023,277.48807422132023,271.350365817403,274.000244140625,170984,0.0,0.0
2016-12-21 00:00:00+05:30,274.47584732215046,278.0316335371893,272.39217882829416,276.26507568359375,55664,0.0,0.0
2016-12-22 00:00:00+05:30,276.33298532185927,278.1222135606395,271.78066471723736,273.298095703125,149472,0.0,0.0
2016-12-23 00:00:00+05:30,274.9515186251131,275.17800257785206,271.78074328676746,272.3243103027344,56724,0.0,0.0
2016-12-26 00:00:00+05:30,272.68663451413533,274.02289514621333,267.97575800859454,272.16571044921875,64050,0.0,0.0
2016-12-27 00:00:00+05:30,274.00026022786466,274.00026022786466,267.2510282852651,271.05596923828125,105708,0.0,0.0
2016-12-28 00:00:00+05:30,272.66393896856806,281.42885375420434,271.7580034807728,278.16748046875,103714,0.0,0.0
2016-12-29 00:00:00+05:30,278.5752546731157,284.4638372922222,277.6466760202652,282.9010925292969,124508,0.0,0.0
2016-12-30 00:00:00+05:30,284.9167671048922,287.5892883797644,277.28427017366533,279.2546691894531,163276,0.0,0.0
2017-01-02 00:00:00+05:30,279.5263863753984,285.75469291359315,278.122197414661,282.1309509277344,68016,0.0,0.0
2017-01-03 00:00:00+05:30,282.1310031646039,285.36973422290276,280.8400559019043,284.3731994628906,34660,0.0,0.0
2017-01-04 00:00:00+05:30,283.1048328503801,299.6381550888423,282.1988973852589,293.0021667480469,256416,0.0,0.0
2017-01-05 00:00:00+05:30,295.7879673817072,296.6259467358729,287.6345471476019,292.30010986328125,81928,0.0,0.0
2017-01-06 00:00:00+05:30,292.1642200939669,293.432524357231,286.07179788199534,289.8540954589844,100110,0.0,0.0
2017-01-09 00:00:00+05:30,289.8768153746267,291.6433736100991,286.84192489177906,288.1102294921875,56626,0.0,0.0
2017-01-10 00:00:00+05:30,287.63462604736134,288.08759396239657,286.0265954783798,287.40814208984375,41966,0.0,0.0
2017-01-11 00:00:00+05:30,287.63461394082316,288.99351762873255,282.87845103314027,286.86456298828125,55378,0.0,0.0
2017-01-12 00:00:00+05:30,287.6344897794593,292.0056391474879,286.275586678139,287.6118469238281,73562,0.0,0.0
2017-01-13 00:00:00+05:30,292.1642407502013,292.1642407502013,281.4742113722343,287.36279296875,155016,0.0,0.0
2017-01-16 00:00:00+05:30,286.57013183335994,289.2199827939075,279.7076575963005,281.1118469238281,163902,0.0,0.0
2017-01-17 00:00:00+05:30,282.6745840076185,286.68336610721815,279.48116616350603,284.5317687988281,76382,0.0,0.0
2017-01-18 00:00:00+05:30,284.8261672712592,288.5405090235609,280.84005587850515,286.7286376953125,118722,0.0,0.0
2017-01-19 00:00:00+05:30,287.65727435763455,288.9029361475555,285.43774812013794,287.091064453125,161244,0.0,0.0
2017-01-20 00:00:00+05:30,286.29830591664864,288.24606201880124,281.383616114442,285.86798095703125,96122,0.0,0.0
2017-01-23 00:00:00+05:30,279.05083395945303,284.0108373662953,272.23367345636916,277.3748474121094,375378,0.0,0.0
2017-01-24 00:00:00+05:30,281.6553917196777,281.6553917196777,276.3103768445365,280.432373046875,380444,0.0,0.0
2017-01-25 00:00:00+05:30,283.942868682692,283.942868682692,276.44625674423486,279.18670654296875,212616,0.0,0.0
2017-01-27 00:00:00+05:30,279.50382229848685,280.7268410928264,272.30164965975837,274.4532470703125,323742,0.0,0.0
2017-01-30 00:00:00+05:30,274.45322420057096,276.9218768009785,271.3277350584745,272.1883850097656,257564,0.0,0.0
2017-01-31 00:00:00+05:30,275.4826225847543,275.4826225847543,269.9464439719223,272.0282287597656,352336,3.0,0.0
2017-02-01 00:00:00+05:30,274.4302673315623,274.4302673315623,265.37105417088844,268.11627197265625,220466,0.0,0.0
2017-02-02 00:00:00+05:30,269.94644934020494,273.60674017871617,268.1163039209493,273.1949462890625,105818,0.0,0.0
2017-02-03 00:00:00+05:30,274.0642520890194,274.52178840302446,270.19806465051676,273.7210998535156,89554,0.0,0.0
2017-02-06 00:00:00+05:30,274.29301800674386,276.351931402958,272.6916409207996,274.4760437011719,85370,0.0,0.0
2017-02-07 00:00:00+05:30,274.5218295218295,276.26046219030684,272.2341476091476,275.09375,111482,0.0,0.0
2017-02-08 00:00:00+05:30,276.8094735893084,277.12975459845626,273.40082242027995,276.60357666015625,124260,0.0,0.0
2017-02-09 00:00:00+05:30,278.5023746135314,282.757456973112,268.2993198580762,281.77374267578125,299596,0.0,0.0
2017-02-10 00:00:00+05:30,283.2149525669643,284.0613835004398,277.72451729910716,280.240966796875,102976,0.0,0.0
2017-02-13 00:00:00+05:30,277.9533141502497,287.241295852744,277.9533141502497,285.2738952636719,112656,0.0,0.0
2017-02-14 00:00:00+05:30,286.87530190751016,288.2479110075461,284.1300837074383,287.3099670410156,95200,0.0,0.0
2017-02-15 00:00:00+05:30,286.8523650134426,286.8523650134426,279.09711978826493,284.5875549316406,68926,0.0,0.0
2017-02-16 00:00:00+05:30,281.6136678534183,289.6205552416146,281.6136678534183,288.15643310546875,85262,0.0,0.0
2017-02-17 00:00:00+05:30,288.70548324434935,288.70548324434935,286.41780112672376,287.9963073730469,84330,0.0,0.0
2017-02-20 00:00:00+05:30,288.24793415563886,288.47670235734967,286.60081427364327,288.3394470214844,73744,0.0,0.0
2017-02-21 00:00:00+05:30,288.8655939075092,290.4669713016209,287.81326577653977,289.2545166015625,157128,0.0,0.0
2017-02-22 00:00:00+05:30,290.4898481469884,290.4898481469884,281.40773458258076,288.5453186035156,237316,0.0,0.0
2017-02-23 00:00:00+05:30,288.24789422346953,290.1695524367864,284.13006716313424,285.4111633300781,31812,0.0,0.0
2017-02-27 00:00:00+05:30,285.9831224651423,289.3917742449675,281.61365541150593,288.0191650390625,67678,0.0,0.0
2017-02-28 00:00:00+05:30,287.19549610507096,296.94101218324494,285.06794147303935,291.1531677246094,311220,0.0,0.0
2017-03-01 00:00:00+05:30,294.97359515272217,295.11085042822776,286.5320466367095,293.0061950683594,280396,0.0,0.0
2017-03-02 00:00:00+05:30,295.1109705794859,295.1109705794859,286.5779057637261,292.04547119140625,86976,0.0,0.0
2017-03-03 00:00:00+05:30,290.51272394086527,294.6534225074001,287.3099693483935,293.1893005371094,76168,0.0,0.0
2017-03-06 00:00:00+05:30,293.5095578141971,293.73832598084886,284.358831148127,285.5255432128906,68646,0.0,0.0
2017-03-07 00:00:00+05:30,285.52554809017767,289.57476146456247,279.39457787466375,284.7706298828125,138856,0.0,0.0
2017-03-08 00:00:00+05:30,282.00250244140625,286.5092519933102,280.9273032491282,282.00250244140625,67710,0.0,0.0
2017-03-09 00:00:00+05:30,284.51903446517804,285.8459013601024,281.36204966902733,283.7869873046875,63174,0.0,0.0
2017-03-10 00:00:00+05:30,283.67253881292066,285.45694175964564,279.55471163660405,280.9044494628906,54610,0.0,0.0
2017-03-14 00:00:00+05:30,285.479818641546,288.81982849882723,281.7051436552247,285.86871337890625,101922,0.0,0.0
2017-03-15 00:00:00+05:30,285.9602139547836,290.9931137203878,283.2149959008177,290.0093994140625,214020,0.0,0.0
2017-03-16 00:00:00+05:30,290.03223310554694,290.99304803723834,286.3948144199223,289.643310546875,143466,0.0,0.0
2017-03-17 00:00:00+05:30,288.79689766249226,292.8232112317696,285.960167218525,291.8623962402344,161374,0.0,0.0
2017-03-20 00:00:00+05:30,288.4766395040749,290.5355528708764,286.0288314494197,288.1792297363281,114010,0.0,0.0
2017-03-21 00:00:00+05:30,290.0780158331423,290.0780158331423,284.2901704352368,286.2575988769531,161556,0.0,0.0
2017-03-22 00:00:00+05:30,285.04510415544456,287.6759377812773,279.78343690377903,281.24755859375,311342,0.0,0.0
2017-03-23 00:00:00+05:30,283.672535773609,283.672535773609,275.6885209154655,276.62646484375,1099698,0.0,0.0
2017-03-24 00:00:00+05:30,275.4826542020277,278.41089832100135,274.77347836993727,275.6656799316406,653110,0.0,0.0
2017-03-27 00:00:00+05:30,277.26696963273065,277.26696963273065,270.0150311847675,272.5543518066406,192726,0.0,0.0
2017-03-28 00:00:00+05:30,275.41395156532747,275.41395156532747,270.40392403734427,272.3941955566406,728414,0.0,0.0
2017-03-29 00:00:00+05:30,277.72452338441707,280.3782282368679,274.06423312564385,274.9335632324219,441954,0.0,0.0
2017-03-30 00:00:00+05:30,272.485738057715,275.20808462965203,272.485738057715,274.4302673339844,480264,0.0,0.0
2017-03-31 00:00:00+05:30,274.5217521116145,275.84861841713933,270.0150311847675,272.5543518066406,542728,0.0,0.0
2017-04-03 00:00:00+05:30,275.4826425539325,275.4826425539325,268.0934467904869,269.21441650390625,257580,0.0,0.0
2017-04-05 00:00:00+05:30,269.0084975392029,270.4954906489072,265.41682050335896,266.6293029785156,455902,0.0,0.0
2017-04-06 00:00:00+05:30,268.1162625821883,268.1162625821883,263.1291059133265,264.06707763671875,369752,0.0,0.0
2017-04-07 00:00:00+05:30,265.37108731960603,265.37108731960603,260.1322904416704,260.56695556640625,317102,0.0,0.0
2017-04-10 00:00:00+05:30,260.56702674941056,260.56702674941056,255.76289368379366,258.3022155761719,572952,0.0,0.0
2017-04-11 00:00:00+05:30,257.7073847993891,258.94273870049955,255.76285504280253,258.050537109375,876958,0.0,0.0
2017-04-12 00:00:00+05:30,260.2008738101036,262.53429754034266,258.050447826391,259.1714172363281,184708,0.0,0.0
2017-04-13 00:00:00+05:30,259.1943264083491,260.6126778362033,257.13541295938603,258.6224060058594,162074,0.0,0.0
2017-04-17 00:00:00+05:30,260.79571749017146,265.1194415495111,258.11914103361966,259.56036376953125,209024,0.0,0.0
2017-04-18 00:00:00+05:30,260.338134543426,261.71074333715234,258.5537319412628,259.85772705078125,152274,0.0,0.0
2017-04-19 00:00:00+05:30,262.60291773167535,262.60291773167535,256.6778181273556,257.8674011230469,410146,0.0,0.0
2017-04-20 00:00:00+05:30,256.7007156548918,261.2303358445076,256.7007156548918,259.85772705078125,138876,0.0,0.0
2017-04-21 00:00:00+05:30,262.96906398826536,262.96906398826536,257.5930109184748,258.46234130859375,169556,0.0,0.0
2017-04-24 00:00:00+05:30,257.5930844785381,260.79584041344,257.1355479164092,258.1192626953125,240650,0.0,0.0
2017-04-25 00:00:00+05:30,257.63867958201024,261.6650213661244,257.6158083521504,259.9263610839844,273188,0.0,0.0
2017-04-26 00:00:00+05:30,260.7957209924589,267.65876628173413,259.24008622323544,265.7599792480469,1369594,0.0,0.0
2017-04-27 00:00:00+05:30,269.488907429694,271.66220507025605,265.37108032126065,265.8743591308594,414758,0.0,0.0
2017-04-28 00:00:00+05:30,271.7766113327808,271.7766113327808,267.2241187396045,267.97906494140625,556302,0.0,0.0
2017-05-02 00:00:00+05:30,269.85488225864134,271.6850273101422,266.78938371221795,268.3678894042969,593038,0.0,0.0
2017-05-03 00:00:00+05:30,269.00848330993097,269.46601962717693,262.16830978194355,262.8546142578125,466616,0.0,0.0
2017-05-04 00:00:00+05:30,263.5409334815336,268.52809078891823,260.7957154244343,266.46917724609375,568160,0.0,0.0
2017-05-05 00:00:00+05:30,263.3121530271065,269.0313570459403,263.3121530271065,267.292724609375,323556,0.0,0.0
2017-05-08 00:00:00+05:30,267.2927932083626,269.3974496571197,265.37113457969286,266.7437438964844,101486,0.0,0.0
2017-05-09 00:00:00+05:30,268.98562407498093,268.98562407498093,263.49518802317635,265.0279235839844,167644,0.0,0.0
2017-05-10 00:00:00+05:30,265.02793856703113,268.09343778775354,265.02793856703113,267.2469787597656,313620,0.0,0.0
2017-05-11 00:00:00+05:30,268.57377984518473,268.57377984518473,265.485410145091,267.3612976074219,223232,0.0,0.0
2017-05-12 00:00:00+05:30,266.7437111229145,269.9235945679455,265.5312285383976,267.97906494140625,1028504,0.0,0.0
2017-05-15 00:00:00+05:30,269.85491683949215,269.85491683949215,265.5083217851785,267.292724609375,240424,0.0,0.0
2017-05-16 00:00:00+05:30,267.2698957905474,268.0476853198927,265.37110858466264,267.59014892578125,412392,0.0,0.0
2017-05-17 00:00:00+05:30,268.1162887703659,268.1162887703659,265.82860712556754,267.65875244140625,102746,0.0,0.0
2017-05-18 00:00:00+05:30,266.3090618431141,268.57387265767136,262.4428735936303,267.2012634277344,328610,0.0,0.0
2017-05-19 00:00:00+05:30,267.2012029247408,267.2012029247408,262.168303554583,264.204345703125,108174,0.0,0.0
2017-05-22 00:00:00+05:30,264.2043993029728,265.82864793497026,263.9985023381718,265.2338562011719,85384,0.0,0.0
2017-05-23 00:00:00+05:30,264.45606310597736,265.371135988697,258.5767310048269,263.74688720703125,316382,0.0,0.0
2017-05-24 00:00:00+05:30,264.45600844476434,266.629306092018,262.2140691751711,265.7142333984375,157270,0.0,0.0
2017-05-25 00:00:00+05:30,266.26327963155404,267.6130174246994,263.1062677035734,267.1097106933594,67258,0.0,0.0
2017-05-26 00:00:00+05:30,267.6587516294985,268.7797212172096,265.39394122285785,267.8188781738281,81328,0.0,0.0
2017-05-29 00:00:00+05:30,267.6588012002089,267.681672435663,263.0834370771284,265.16522216796875,56504,0.0,0.0
2017-05-30 00:00:00+05:30,263.9984787957192,277.2670331892649,260.4983144836523,274.79632568359375,292620,0.0,0.0
2017-05-31 00:00:00+05:30,276.32905961724936,286.87526596261284,276.32905961724936,277.472900390625,3627280,0.0,0.0
2017-06-01 00:00:00+05:30,277.7245484999384,281.2933262398186,277.2670121762153,278.2049560546875,144790,0.0,0.0
2017-06-02 00:00:00+05:30,278.9827709689071,280.7900450170885,271.730831471155,278.4794921875,196326,0.0,0.0
2017-06-05 00:00:00+05:30,278.6396698592047,279.5090001965754,267.338515102414,275.23101806640625,199828,0.0,0.0
2017-06-06 00:00:00+05:30,275.4368377955614,290.0779986086145,275.4368377955614,284.3587951660156,986640,0.0,0.0
2017-06-07 00:00:00+05:30,286.7379821616183,293.2350026939386,284.88496587804525,288.8655090332031,1064718,0.0,0.0
2017-06-08 00:00:00+05:30,292.36574371110595,293.44094302235095,289.1858603187586,291.7938232421875,328722,0.0,0.0
2017-06-09 00:00:00+05:30,292.7774537257189,292.7774537257189,284.1528787702579,289.2086486816406,142948,0.0,0.0
2017-06-12 00:00:00+05:30,289.2087514927395,301.97402840946194,288.38519154587493,300.2125244140625,480872,0.0,0.0
2017-06-13 00:00:00+05:30,301.05890118634255,304.21591299220364,298.8169620284643,302.6602783203125,252650,0.0,0.0
2017-06-14 00:00:00+05:30,299.6862657338722,304.1015020405761,296.5063829779485,299.7091369628906,193304,0.0,0.0
2017-06-15 00:00:00+05:30,297.44438626792964,303.57538486429735,295.11096192535314,302.22564697265625,518230,0.0,0.0
2017-06-16 00:00:00+05:30,303.2093204681629,309.72921293395854,303.1864492376535,306.5264587402344,556678,0.0,0.0
2017-06-19 00:00:00+05:30,307.21278231413305,313.50390701444337,307.21278231413305,310.5070495605469,334020,0.0,0.0
2017-06-20 00:00:00+05:30,311.58219423124257,315.1738427154248,307.92190413748347,311.9939880371094,204310,0.0,0.0
2017-06-21 00:00:00+05:30,313.41233927812215,314.30454057363534,308.9284894984267,311.9939880371094,116858,0.0,0.0
2017-06-22 00:00:00+05:30,312.86336638828044,312.95487924807514,296.02603344079625,300.4641418457031,3007876,0.0,0.0
2017-06-23 00:00:00+05:30,302.43147526690524,304.2616203517277,298.58815941845904,302.2942199707031,315520,0.0,0.0
2017-06-27 00:00:00+05:30,304.62769360146035,304.62769360146035,292.8232614590528,294.92791748046875,161580,0.0,0.0
2017-06-28 00:00:00+05:30,295.4083530107185,301.9282459422227,293.2807978311699,297.7646484375,84908,0.0,0.0
2017-06-29 00:00:00+05:30,297.85617385093843,307.4415662904419,297.85617385093843,303.57537841796875,160934,0.0,0.0
2017-06-30 00:00:00+05:30,302.4086528545811,316.61515078362817,302.4086528545811,312.1084289550781,421882,0.0,0.0
2017-07-03 00:00:00+05:30,314.7850061773703,315.35692661010535,304.2616702150454,306.27484130859375,223964,0.0,0.0
2017-07-04 00:00:00+05:30,307.0297414313736,313.41237866973495,305.1767249236689,310.3697509765625,145956,0.0,0.0
2017-07-05 00:00:00+05:30,317.9877515655662,317.9877515655662,308.0820787817283,313.2980041503906,453096,0.0,0.0
2017-07-06 00:00:00+05:30,315.65436822074366,315.65436822074366,306.7095094105594,308.1965026855469,107934,0.0,0.0
2017-07-07 00:00:00+05:30,308.19648159368455,310.850214828079,304.26168005947727,305.4512634277344,65496,0.0,0.0
2017-07-10 00:00:00+05:30,304.7191368523682,309.752035509089,301.05884692020766,303.66680908203125,26788,0.0,0.0
2017-07-11 00:00:00+05:30,305.40555542772466,309.294614935044,301.5164959204053,303.415283203125,116072,0.0,0.0
2017-07-12 00:00:00+05:30,304.6331801425319,306.7933788324931,301.87548684965554,303.25433349609375,61980,1.5,0.0
2017-07-13 00:00:00+05:30,303.3692159353582,305.3685602629658,299.5773879257322,300.6575012207031,92118,0.0,0.0
2017-07-14 00:00:00+05:30,299.3476146687806,303.34627573215516,297.3712733313703,299.7153015136719,89194,0.0,0.0
2017-07-17 00:00:00+05:30,300.1289465404762,301.2550102199672,296.681830002875,300.0370178222656,60568,0.0,0.0
2017-07-18 00:00:00+05:30,298.79605706206894,303.80587776521037,294.7514458430583,303.25433349609375,98330,0.0,0.0
2017-07-19 00:00:00+05:30,305.62140495283126,305.62140495283126,299.92216017757846,304.81707763671875,84068,0.0,0.0
2017-07-20 00:00:00+05:30,304.8170613965059,310.2405196856541,299.2556959897747,301.14013671875,114878,0.0,0.0
2017-07-21 00:00:00+05:30,307.4827929520661,307.4827929520661,300.12894439117963,302.6568298339844,155770,0.0,0.0
2017-07-24 00:00:00+05:30,305.1847588529354,305.1847588529354,290.4770596311072,291.6260986328125,1786662,0.0,0.0
2017-07-25 00:00:00+05:30,294.84337777327806,296.91164776545224,291.85587667347085,296.1992492675781,160186,0.0,0.0
2017-07-26 00:00:00+05:30,297.6930237871959,301.04821198966863,291.39628458236626,293.53350830078125,119358,0.0,0.0
2017-07-27 00:00:00+05:30,292.31549592242345,300.0370317136064,290.4770336839177,297.46319580078125,150140,0.0,0.0
2017-07-28 00:00:00+05:30,295.9924367321573,298.0607068646025,295.7166786022482,296.4290771484375,185068,0.0,0.0
2017-07-31 00:00:00+05:30,298.7501125648416,299.64636851307756,294.1769321542691,297.1874084472656,222394,0.0,0.0
2017-08-01 00:00:00+05:30,299.16379034357226,299.5544523630083,294.9353214238788,295.992431640625,519894,0.0,0.0
2017-08-02 00:00:00+05:30,295.9924548135857,298.2445825386864,292.33850507918015,297.0725402832031,55860,0.0,0.0
2017-08-03 00:00:00+05:30,295.14211853884035,297.60105035933736,290.4770097715849,291.8099060058594,185698,0.0,0.0
2017-08-04 00:00:00+05:30,290.54602246756974,295.5328406730841,290.54602246756974,293.1888122558594,101726,0.0,0.0
2017-08-07 00:00:00+05:30,293.2347279055377,293.2347279055377,284.9846229753968,285.697021484375,79420,0.0,0.0
2017-08-08 00:00:00+05:30,284.9616154252615,286.82305262515985,280.6182432570291,282.91632080078125,136180,0.0,0.0
2017-08-09 00:00:00+05:30,278.3202623846042,284.9617144034203,277.6078637091384,278.5041198730469,112150,0.0,0.0
2017-08-10 00:00:00+05:30,281.5145398486987,284.70887370731947,275.6774164323146,282.6865539550781,174246,0.0,0.0
2017-08-11 00:00:00+05:30,280.75616062542366,282.0890570038367,276.320887192141,280.5953063964844,64612,0.0,0.0
2017-08-14 00:00:00+05:30,284.89265335484646,284.89265335484646,276.9642860660915,280.52630615234375,84448,0.0,0.0
2017-08-16 00:00:00+05:30,281.2847529164739,293.9012070034167,280.3655216977926,287.3516845703125,461202,0.0,0.0
2017-08-17 00:00:00+05:30,287.351692777278,290.3162191527362,280.8481204982771,283.5138854980469,60412,0.0,0.0
2017-08-18 00:00:00+05:30,280.3655416436916,287.6734415731941,280.3655416436916,286.4784240722656,59540,0.0,0.0
2017-08-21 00:00:00+05:30,289.5577970793685,290.2701955727526,287.25971932477034,288.70751953125,98342,0.0,0.0
2017-08-22 00:00:00+05:30,289.09824588274773,289.09824588274773,283.30709987311343,284.98468017578125,98302,0.0,0.0
2017-08-23 00:00:00+05:30,285.4672047258633,287.2597165783952,280.9170276468856,284.5479736328125,408470,0.0,0.0
2017-08-24 00:00:00+05:30,287.2597455319575,287.2597455319575,278.43512053867386,283.4219665527344,795962,0.0,0.0
2017-08-28 00:00:00+05:30,286.34055196049724,291.9018901434601,279.4463171620904,289.0063171386719,70126,0.0,0.0
2017-08-29 00:00:00+05:30,287.2597681332941,289.09823064934716,284.2722665447078,285.1914978027344,291020,0.0,0.0
2017-08-30 00:00:00+05:30,284.1573638285417,288.0411215205255,282.732566593713,283.39898681640625,66436,0.0,0.0
2017-08-31 00:00:00+05:30,283.1231468564248,287.2596863397167,281.51449261292237,286.064697265625,137522,0.0,0.0
2017-09-01 00:00:00+05:30,286.0646700729697,287.0298513062417,281.2846581255723,285.8118591308594,64746,0.0,0.0
2017-09-04 00:00:00+05:30,287.0299712616803,287.0299712616803,280.4574731267593,281.3537292480469,46912,0.0,0.0
2017-09-05 00:00:00+05:30,280.3884627359949,283.07723055495995,278.38914629982435,280.9629821777344,82736,0.0,0.0
2017-09-06 00:00:00+05:30,280.3655356453142,281.46862438369203,274.850148058849,275.6315002441406,94698,0.0,0.0
2017-09-07 00:00:00+05:30,275.63145078949606,286.29453715400064,275.63145078949606,283.5827941894531,226184,0.0,0.0
2017-09-08 00:00:00+05:30,283.58278644615933,284.8237540071132,280.45740640380933,282.1579895019531,41316,0.0,0.0
2017-09-11 00:00:00+05:30,284.82381172708585,284.82381172708585,278.6419758885824,279.92889404296875,70094,0.0,0.0
2017-09-12 00:00:00+05:30,284.04237785271187,287.2596863397167,280.71016549117115,286.064697265625,78370,0.0,0.0
2017-09-13 00:00:00+05:30,287.7193195868499,287.7193195868499,281.35365576595467,283.6517333984375,95246,0.0,0.0
2017-09-14 00:00:00+05:30,284.9616485418198,286.80011079047665,280.54935036612625,285.0075988769531,160104,0.0,0.0
2017-09-15 00:00:00+05:30,284.9616396100878,293.6713598506471,284.0424085145714,289.6726989746094,186200,0.0,0.0
2017-09-18 00:00:00+05:30,289.7875716536248,297.8308428731941,289.7875716536248,291.4651794433594,161528,0.0,0.0
2017-09-19 00:00:00+05:30,291.8558938379178,292.66022110440025,287.78830716850433,289.2131042480469,36106,0.0,0.0
2017-09-20 00:00:00+05:30,287.7193616527463,294.0620512351882,287.7193616527463,291.05157470703125,124456,0.0,0.0
2017-09-21 00:00:00+05:30,291.85592967270514,295.0732391336641,291.21245655942846,294.22296142578125,89318,0.0,0.0
2017-09-22 00:00:00+05:30,293.9012485460468,295.9924942536,291.6261453476851,295.1651916503906,114056,0.0,0.0
2017-09-25 00:00:00+05:30,295.07317410186687,295.99240517383527,285.67403078044845,292.9589538574219,65072,0.0,0.0
2017-09-26 00:00:00+05:30,290.27015871910015,303.34622509312476,290.27015871910015,299.3475646972656,139450,0.0,0.0
2017-09-27 00:00:00+05:30,300.22086103330355,304.12759292413864,297.1414314617514,298.4513244628906,106318,0.0,0.0
2017-09-28 00:00:00+05:30,298.7500949377801,300.0599879791173,294.153939631045,295.8545227050781,29898,0.0,0.0
2017-09-29 00:00:00+05:30,298.7501415846159,308.65485220661003,297.34831960772243,307.85052490234375,225076,0.0,0.0
2017-10-03 00:00:00+05:30,307.1152009023348,314.83673866339035,299.7843252455421,304.7481689453125,99124,0.0,0.0
2017-10-04 00:00:00+05:30,304.7710889577277,307.9194726061607,289.0982084338297,291.05157470703125,177434,0.0,0.0
2017-10-05 00:00:00+05:30,292.77512877145006,295.99243787882864,291.4422323487381,294.08502197265625,132134,0.0,0.0
2017-10-06 00:00:00+05:30,291.8788294129605,301.0022142868109,291.8788294129605,298.1755676269531,57404,0.0,0.0
2017-10-09 00:00:00+05:30,294.68247014189495,302.97852377415376,294.68247014189495,298.31341552734375,76894,0.0,0.0
2017-10-10 00:00:00+05:30,296.9806429979175,305.64438618214655,296.9806429979175,304.01275634765625,148564,0.0,0.0
2017-10-11 00:00:00+05:30,304.01272798567766,306.44868492497073,299.46252256773306,302.4960021972656,317434,0.0,0.0
2017-10-12 00:00:00+05:30,304.4953393896708,305.6443784062356,299.9221584932008,301.0711975097656,417878,0.0,0.0
2017-10-13 00:00:00+05:30,303.3463149723724,306.1040087448485,301.0482368286423,302.5190124511719,90624,0.0,0.0
2017-10-16 00:00:00+05:30,302.90959517025385,307.25296733474136,298.75008043018977,305.621337890625,115802,0.0,0.0
2017-10-17 00:00:00+05:30,308.12626521611077,312.5385631214489,302.24316393871874,303.34625244140625,346984,0.0,0.0
2017-10-18 00:00:00+05:30,302.01339959491474,304.49533505645894,299.2557059944034,299.94512939453125,396096,0.0,0.0
2017-10-19 00:00:00+05:30,303.3462547823989,307.94241015788975,303.3462547823989,306.54058837890625,54686,0.0,0.0
2017-10-23 00:00:00+05:30,305.2077069267668,307.9424251185853,299.508490815898,306.88531494140625,369558,0.0,0.0
2017-10-24 00:00:00+05:30,306.8853401727711,307.0232192415292,299.2097540811909,301.323974609375,90022,0.0,0.0
2017-10-25 00:00:00+05:30,303.34622839443756,305.64430588227424,299.66930441389894,301.85247802734375,110934,0.0,0.0
2017-10-26 00:00:00+05:30,303.3462844918308,304.72513123952086,298.93398612030586,301.9674377441406,112168,0.0,0.0
2017-10-27 00:00:00+05:30,304.4953828887925,305.5065429783623,299.71536867594307,300.42779541015625,145044,0.0,0.0
2017-10-30 00:00:00+05:30,300.6115834795045,305.5984296691723,294.6825589545654,296.63592529296875,209648,0.0,0.0
2017-10-31 00:00:00+05:30,299.2097667301458,300.9563004645722,296.1992900487027,299.57745361328125,119394,0.0,0.0
2017-11-01 00:00:00+05:30,302.86363313504796,303.50707799025247,301.0481463366754,302.38104248046875,111830,0.0,0.0
2017-11-02 00:00:00+05:30,303.3462702695447,305.57539451938175,299.8991535619362,300.93328857421875,118876,0.0,0.0
2017-11-03 00:00:00+05:30,304.2425663092315,304.2425663092315,297.37130715620805,300.9792785644531,83796,0.0,0.0
2017-11-06 00:00:00+05:30,297.9457449226921,303.5300844134391,296.9116100579392,298.38238525390625,89776,0.0,0.0
2017-11-07 00:00:00+05:30,297.94580444945353,304.26551877445155,296.56695768763575,299.2097473144531,155786,0.0,0.0
2017-11-08 00:00:00+05:30,298.75011238368523,303.80588351633224,294.613572366065,298.2904968261719,137686,0.0,0.0
2017-11-09 00:00:00+05:30,297.3713429419176,305.6444251257731,297.3713429419176,304.7481689453125,111634,0.0,0.0
2017-11-10 00:00:00+05:30,304.77113848421817,305.644419475233,295.11920944815813,298.47442626953125,127200,0.0,0.0
2017-11-13 00:00:00+05:30,298.7501651199562,302.54199413878644,294.19995907627504,296.0384216308594,136350,0.0,0.0
2017-11-14 00:00:00+05:30,295.0042812361689,300.06005317202585,295.0042812361689,296.1533203125,373770,0.0,0.0
2017-11-15 00:00:00+05:30,294.153974392206,298.7501302420842,294.153974392206,296.4290771484375,46682,0.0,0.0
2017-11-16 00:00:00+05:30,296.4980093089052,300.28983797015525,293.4875327702122,295.48687744140625,51604,0.0,0.0
2017-11-17 00:00:00+05:30,298.19853891829035,300.91028166329346,295.90046135564523,296.91162109375,130890,0.0,0.0
2017-11-20 00:00:00+05:30,297.8308708772373,301.0481796675778,296.91163979428285,298.5202941894531,68376,0.0,0.0
2017-11-21 00:00:00+05:30,300.3587185645107,305.5983462991885,296.91160243714444,300.1518859863281,248626,0.0,0.0
2017-11-22 00:00:00+05:30,299.6693768221598,303.04754032445425,298.796095944692,300.7954406738281,67740,0.0,0.0
2017-11-23 00:00:00+05:30,300.1519882806278,302.84075660794986,300.12901310915584,300.88739013671875,50990,0.0,0.0
2017-11-24 00:00:00+05:30,301.5077991034427,302.7257915251719,297.37125917671864,299.2326965332031,76296,0.0,0.0
2017-11-27 00:00:00+05:30,299.20976706207443,304.26553885575004,297.0036177081036,300.54266357421875,166638,0.0,0.0
2017-11-28 00:00:00+05:30,298.77305830895165,301.9214414013982,296.2681481551275,296.91162109375,71288,0.0,0.0
2017-11-29 00:00:00+05:30,297.69298145470424,302.1972079937275,295.27999994600907,298.7500915527344,119554,0.0,0.0
2017-11-30 00:00:00+05:30,298.7502159669648,301.73771812663443,296.9117530994758,300.7035827636719,224574,0.0,0.0
2017-12-01 00:00:00+05:30,299.6694330837769,305.1618462485396,298.75020169394935,300.77252197265625,389582,0.0,0.0
2017-12-04 00:00:00+05:30,303.3002281179663,304.1734805879139,297.02646638826036,299.6922302246094,69216,0.0,0.0
2017-12-05 00:00:00+05:30,302.19727123328016,302.19727123328016,296.9116915843331,297.9228515625,60868,0.0,0.0
2017-12-06 00:00:00+05:30,296.9116501536318,298.75011238368523,295.76261125984837,298.2904968261719,71468,0.0,0.0
2017-12-07 00:00:00+05:30,299.6693448764467,301.4848319475127,293.23472704167636,297.46319580078125,185426,0.0,0.0
2017-12-08 00:00:00+05:30,297.4631341331297,298.7500518227489,295.0731281080074,297.0494689941406,108084,0.0,0.0
2017-12-11 00:00:00+05:30,297.8308248938432,299.2096713053888,296.45197848229765,298.31341552734375,68306,0.0,0.0
2017-12-12 00:00:00+05:30,297.3942261369837,298.97990534234594,296.77375638617957,296.8426818847656,243892,0.0,0.0
2017-12-13 00:00:00+05:30,296.9346498713557,300.2898381080668,294.1539811290372,294.9353332519531,111768,0.0,0.0
2017-12-14 00:00:00+05:30,294.29183010204025,299.11779336142195,294.1539510480278,298.54327392578125,60982,0.0,0.0
2017-12-15 00:00:00+05:30,294.8663816084625,298.91099326473875,294.8663816084625,298.1296691894531,92750,0.0,0.0
2017-12-18 00:00:00+05:30,294.1539330783885,298.7500882827383,293.2347020375185,297.8998107910156,28952,0.0,0.0
2017-12-19 00:00:00+05:30,297.3713546092081,301.6917533624838,297.3713546092081,300.77252197265625,121932,0.0,0.0
2017-12-20 00:00:00+05:30,301.50783341849865,301.96744901822194,296.91167742126544,297.44024658203125,75700,0.0,0.0
2017-12-21 00:00:00+05:30,297.39423050229266,300.31280602229685,297.39423050229266,298.5202941894531,151970,0.0,0.0
2017-12-22 00:00:00+05:30,298.7500824101363,299.43950567723664,297.8308513873359,298.7041320800781,125536,0.0,0.0
2017-12-26 00:00:00+05:30,299.66934372752723,321.61598661554785,298.2904970539343,318.2378234863281,791840,0.0,0.0
2017-12-27 00:00:00+05:30,316.33034137600794,324.02890035609965,310.8149558380318,312.9521789550781,614738,0.0,0.0
2017-12-28 00:00:00+05:30,312.17085051596075,329.5443106554567,312.17085051596075,320.5358581542969,640112,0.0,0.0
2017-12-29 00:00:00+05:30,324.488640660363,332.32508168333214,321.6390180921799,330.0040283203125,421840,0.0,0.0
2018-01-01 00:00:00+05:30,330.92324207299674,333.6809357569384,324.0519830333,327.1543884277344,203048,0.0,0.0
2018-01-02 00:00:00+05:30,329.5443724666947,330.6244578638771,322.8109929657826,325.9364013671875,436816,0.0,0.0
2018-01-03 00:00:00+05:30,324.0749776899847,326.30413038350224,318.8124010355276,319.8924865722656,107402,0.0,0.0
2018-01-04 00:00:00+05:30,320.3750603672987,328.3953584981957,319.01918868598017,325.6376647949219,493790,0.0,0.0
2018-01-05 00:00:00+05:30,326.32705116215317,333.4051420844999,326.3040759944439,330.7393493652344,764774,0.0,0.0
2018-01-08 00:00:00+05:30,331.84242821743874,335.51935262982033,326.4189703197173,330.27972412109375,505802,0.0,0.0
2018-01-09 00:00:00+05:30,331.7505179636101,343.88438042098835,330.0499347176786,341.3105163574219,972048,0.0,0.0
2018-01-10 00:00:00+05:30,343.28692089659927,344.7117181103709,338.2770993723106,341.88507080078125,839036,0.0,0.0
2018-01-11 00:00:00+05:30,346.0445961073011,347.0097776452304,342.91918758832844,345.401123046875,704802,0.0,0.0
2018-01-12 00:00:00+05:30,346.9867773047589,360.38455422753697,345.1253398722359,358.3162841796875,882260,0.0,0.0
2018-01-15 00:00:00+05:30,357.12132941755476,364.01556357619484,341.60930256061465,343.080078125,308860,0.0,0.0
2018-01-16 00:00:00+05:30,344.7116941785501,353.90400602331147,342.8272814714578,346.6191101074219,600440,0.0,0.0
2018-01-17 00:00:00+05:30,348.45755324282743,360.7522696565736,347.0097529861069,354.0188903808594,488746,0.0,0.0
2018-01-18 00:00:00+05:30,352.6399951832284,356.68460600489664,342.34459668016,345.76873779296875,180666,0.0,0.0
2018-01-19 00:00:00+05:30,343.33280334616467,356.15608794523627,343.33280334616467,353.49029541015625,286504,0.0,0.0
2018-01-22 00:00:00+05:30,355.14495103092435,375.9655304178506,346.48118083942626,362.5907287597656,1433634,0.0,0.0
2018-01-23 00:00:00+05:30,366.24471304034154,375.7817376101158,363.09635711429627,364.8199157714844,477036,0.0,0.0
2018-01-24 00:00:00+05:30,366.22168924829623,368.152080298606,356.6616907761776,363.0733337402344,554578,0.0,0.0
2018-01-25 00:00:00+05:30,359.8790402740155,365.6242356806888,357.16729682098094,363.3951110839844,673722,0.0,0.0
2018-01-29 00:00:00+05:30,367.6923996595579,374.5866321531746,353.90393467232445,359.46527099609375,1619112,0.0,0.0
2018-01-30 00:00:00+05:30,362.63665603969685,365.83098960901606,355.74242303513984,358.7528991699219,410574,0.0,0.0
2018-01-31 00:00:00+05:30,358.98274344327194,367.6005355753493,357.8337044923283,362.1081237792969,1293854,0.0,0.0
2018-02-01 00:00:00+05:30,362.10814809284994,364.24537190619134,353.9040206533342,360.4075927734375,548494,0.0,0.0
2018-02-02 00:00:00+05:30,364.51177858689334,372.2796822654308,301.4410382716039,363.723388671875,522826,3.5,0.0
2018-02-05 00:00:00+05:30,346.10066842324125,363.79294922994126,346.10066842324125,357.2771911621094,132028,0.0,0.0
2018-02-06 00:00:00+05:30,351.85123951099195,366.80735166554547,338.5414534209016,363.86248779296875,516078,0.0,0.0
2018-02-07 00:00:00+05:30,363.86254110486186,366.36683203841903,347.9093694524979,351.92083740234375,107042,0.0,0.0
2018-02-08 00:00:00+05:30,351.5266573224435,370.91163091740555,351.5266573224435,368.2682189941406,819108,0.0,0.0
2018-02-09 00:00:00+05:30,361.2655185317162,371.4217748549557,357.0917192162022,369.2884826660156,260468,0.0,0.0
2018-02-12 00:00:00+05:30,370.4942145367344,371.0043341740699,361.7292258197182,363.2596130371094,157910,0.0,0.0
2018-02-14 00:00:00+05:30,364.7205170395689,371.0043983759843,364.3031257692402,368.1059265136719,134408,0.0,0.0
2018-02-15 00:00:00+05:30,370.54062623926,370.9580174908462,357.13808162759966,359.59600830078125,116046,0.0,0.0
2018-02-16 00:00:00+05:30,362.65672983787573,363.53787643712894,352.4541108398792,354.471435546875,97718,0.0,0.0
2018-02-19 00:00:00+05:30,353.86855508728786,356.4423919164194,343.6427540980776,347.5614929199219,121936,0.0,0.0
2018-02-20 00:00:00+05:30,350.1121703025893,350.41359435123695,344.106531775617,347.6078796386719,132068,0.0,0.0
2018-02-21 00:00:00+05:30,348.39632355749615,361.17278207479956,346.44854477303517,352.01361083984375,152518,0.0,0.0
2018-02-22 00:00:00+05:30,356.02509093554517,370.7493275611337,354.30918998266657,362.819091796875,696068,0.0,0.0
2018-02-23 00:00:00+05:30,363.16694368450516,383.8968215059688,363.16694368450516,381.1142883300781,1636440,0.0,0.0
2018-02-26 00:00:00+05:30,385.8445769844884,405.7860635353694,382.11135086104093,402.3774719238281,1687116,0.0,0.0
2018-02-27 00:00:00+05:30,401.61220416443746,407.1772693491641,387.4908455971166,392.9399719238281,1215924,0.0,0.0
2018-02-28 00:00:00+05:30,388.00099138868933,398.8296693446726,380.3258163866436,396.6268310546875,552380,0.0,0.0
2018-03-01 00:00:00+05:30,396.46459972636825,400.68476357613673,384.8475014714285,387.1430969238281,195862,0.0,0.0
2018-03-05 00:00:00+05:30,385.38079098976715,386.77205738323204,377.9375214458076,380.76641845703125,267886,0.0,0.0
2018-03-06 00:00:00+05:30,386.77211139713364,393.5429308020733,381.57804380842003,386.8648681640625,330314,0.0,0.0
2018-03-07 00:00:00+05:30,384.453271700346,394.6558916972189,381.53161799868246,387.7691345214844,311706,0.0,0.0
2018-03-08 00:00:00+05:30,390.31981886303527,393.5428968691242,380.372257957198,386.6793212890625,140614,0.0,0.0
2018-03-09 00:00:00+05:30,387.7227386942029,390.27339367172107,378.88820302405827,380.4417724609375,161164,0.0,0.0
2018-03-12 00:00:00+05:30,386.37790014416305,388.0242264825069,381.57801381050325,383.2939147949219,754922,0.0,0.0
2018-03-13 00:00:00+05:30,382.5982709446737,402.07600110185706,380.5113712849755,394.1689758300781,1016440,0.0,0.0
2018-03-14 00:00:00+05:30,393.8211746823314,395.1196844160481,385.86775656705925,389.6009826660156,203478,0.0,0.0
2018-03-15 00:00:00+05:30,393.5892832617132,397.763082600002,389.55460490695634,391.5719299316406,123356,0.0,0.0
2018-03-16 00:00:00+05:30,391.8733462165384,394.0993666641469,373.32312864415786,378.4244384765625,161258,0.0,0.0
2018-03-19 00:00:00+05:30,375.7578761161283,379.72297979265375,365.90307220688084,372.0710144042969,164024,0.0,0.0
2018-03-20 00:00:00+05:30,367.45664791839175,377.0332100240612,367.45664791839175,376.1984558105469,153176,0.0,0.0
2018-03-21 00:00:00+05:30,377.9607410315216,382.59829613620286,367.29436429075474,370.9116516113281,166728,0.0,0.0
2018-03-22 00:00:00+05:30,371.5145248943338,374.0188159513157,359.38733538391995,365.3929748535156,335572,0.0,0.0
2018-03-23 00:00:00+05:30,356.627956603494,378.42446370409766,354.1004836296869,363.09735107421875,266904,0.0,0.0
2018-03-26 00:00:00+05:30,367.31748642307707,373.32312496401,357.09168474818347,361.2886657714844,189594,0.0,0.0
2018-03-27 00:00:00+05:30,361.68289545950563,372.74345188536444,361.26550422233146,363.6306457519531,231812,0.0,0.0
2018-03-28 00:00:00+05:30,333.90393635212814,340.51245175909736,319.06376140314467,321.8694763183594,2858476,0.0,0.0
2018-04-02 00:00:00+05:30,326.94763316809804,331.35331049447666,316.74501199122125,318.7159729003906,771878,0.0,0.0
2018-04-03 00:00:00+05:30,319.55066657887255,325.09254951049206,310.7624957063494,312.6639099121094,501396,0.0,0.0
2018-04-04 00:00:00+05:30,314.88994633054926,317.6956611043761,304.45544884536906,313.84649658203125,617090,0.0,0.0
2018-04-05 00:00:00+05:30,319.5275280490125,319.5275280490125,310.7161738647872,313.174072265625,335104,0.0,0.0
2018-04-06 00:00:00+05:30,313.2436674424227,319.06379347925844,310.7161942312546,315.8175048828125,240658,0.0,0.0
2018-04-09 00:00:00+05:30,318.0898654325156,318.55362086932905,310.4842649466204,312.6871032714844,649430,0.0,0.0
2018-04-10 00:00:00+05:30,312.57120095256295,318.46090134969046,310.73936110192636,311.3654479980469,469184,0.0,0.0
2018-04-11 00:00:00+05:30,311.38864660678956,313.498728541665,304.6873737453756,307.2843933105469,336028,0.0,0.0
2018-04-12 00:00:00+05:30,308.30464113267067,314.93633891496034,306.3568624322823,312.2697448730469,240218,0.0,0.0
2018-04-13 00:00:00+05:30,313.19725042090823,323.21438571857084,312.36249622245003,319.3420104980469,399672,0.0,0.0
2018-04-16 00:00:00+05:30,315.42331021006044,318.92465852472867,314.10159007041955,317.48699951171875,369646,0.0,0.0
2018-04-17 00:00:00+05:30,317.626174126114,318.94786606573484,316.2812717656578,317.7189025878906,108264,0.0,0.0
2018-04-18 00:00:00+05:30,317.74209265473456,321.15068426302383,311.179940997096,313.8001708984375,638804,0.0,0.0
2018-04-19 00:00:00+05:30,313.8001201375128,329.9388032915906,311.17989066002485,324.5360412597656,487120,0.0,0.0
2018-04-20 00:00:00+05:30,322.3100409171298,343.6196097151023,322.3100409171298,340.3733215332031,984416,0.0,0.0
2018-04-23 00:00:00+05:30,339.83996297907214,362.00746618944606,339.83996297907214,346.3093566894531,1060378,0.0,0.0
2018-04-24 00:00:00+05:30,346.889059966979,353.3352717350434,330.5416811383212,336.8255615234375,588034,0.0,0.0
2018-04-25 00:00:00+05:30,336.98786371191227,359.41042537956844,336.98786371191227,356.3728332519531,2534696,0.0,0.0
2018-04-26 00:00:00+05:30,360.2917111195889,361.520646388204,354.81937278778577,359.4337463378906,837560,0.0,0.0
2018-04-27 00:00:00+05:30,362.14668060598314,362.1930448337421,346.8891133618938,359.57281494140625,372366,0.0,0.0
2018-04-30 00:00:00+05:30,362.1697880527842,382.5982079174834,355.7003945123755,374.55206298828125,1336266,0.0,0.0
2018-05-02 00:00:00+05:30,375.6420057022855,377.4042711790694,352.9643473692124,359.36419677734375,313838,0.0,0.0
2018-05-03 00:00:00+05:30,362.4480659156469,372.85938141857366,353.3584704270999,361.6133117675781,351418,0.0,0.0
2018-05-04 00:00:00+05:30,363.5611239721287,368.68561650269214,353.38168525163695,359.8046875,255166,0.0,0.0
2018-05-07 00:00:00+05:30,364.0479754927473,365.8566328077941,358.6452139610523,362.0538330078125,230656,0.0,0.0
2018-05-08 00:00:00+05:30,362.23932583876643,364.5349206932197,354.77287534003773,357.0452880859375,192286,0.0,0.0
2018-05-09 00:00:00+05:30,357.091706350948,362.63358979240707,357.091706350948,361.1495666503906,184894,0.0,0.0
2018-05-10 00:00:00+05:30,361.72922822617994,365.34651484736486,350.64546234683934,359.87420654296875,229780,0.0,0.0
2018-05-11 00:00:00+05:30,359.874193182039,375.5259380530362,358.29741348769625,372.8593444824219,913504,0.0,0.0
2018-05-14 00:00:00+05:30,371.00439861664864,377.9607310907108,367.75811012875295,369.984130859375,303170,0.0,0.0
2018-05-15 00:00:00+05:30,374.6216578497625,374.6216578497625,361.729261622252,363.3292236328125,113186,0.0,0.0
2018-05-16 00:00:00+05:30,363.74649707619733,376.56934381265984,363.5841940260164,371.74627685546875,773108,0.0,0.0
2018-05-17 00:00:00+05:30,370.23913895715293,389.0908086482603,370.23913895715293,373.9955749511719,1081618,0.0,0.0
2018-05-18 00:00:00+05:30,375.59558937362533,377.86797433193044,363.14373726175614,368.4073791503906,242470,0.0,0.0
2018-05-21 00:00:00+05:30,369.58991221135284,373.32313792957126,359.41047440424563,372.2101135253906,249502,0.0,0.0
2018-05-22 00:00:00+05:30,372.21012900719836,384.9170402110184,366.3668214056681,381.9258117675781,307954,0.0,0.0
2018-05-23 00:00:00+05:30,382.48232692454957,394.7022723340851,380.3954272929515,383.6880798339844,886940,0.0,0.0
2018-05-24 00:00:00+05:30,386.7488531069144,402.53972010670515,385.380768904,391.13134765625,728330,0.0,0.0
2018-05-25 00:00:00+05:30,392.8008562442084,398.82967694217143,383.9895029164162,387.74591064453125,351900,0.0,0.0
2018-05-28 00:00:00+05:30,390.4589058226067,390.644391018916,367.57255743849424,374.8071594238281,235734,0.0,0.0
2018-05-29 00:00:00+05:30,374.71441102264384,388.62707479823706,374.71441102264384,386.7488708496094,203774,0.0,0.0
2018-05-30 00:00:00+05:30,384.9170217877723,388.55749073192385,378.54038437863755,384.4300842285156,134454,0.0,0.0
2018-05-31 00:00:00+05:30,387.6995744307109,387.6995744307109,358.3438587264009,365.4624938964844,223262,0.0,0.0
2018-06-01 00:00:00+05:30,373.2072694440071,382.59831909450867,359.3873600638535,365.32342529296875,374338,0.0,0.0
2018-06-04 00:00:00+05:30,369.1494311220948,371.2826954069244,357.091786386951,359.4337463378906,122502,0.0,0.0
2018-06-05 00:00:00+05:30,360.3379742211155,361.4046060641678,340.04867387082743,352.1526794433594,317746,0.0,0.0
2018-06-06 00:00:00+05:30,352.47739086200187,361.26556396484375,343.66603564334713,351.7585754394531,133356,0.0,0.0
2018-06-07 00:00:00+05:30,352.50054140120517,361.42783470461876,352.4541771737327,356.4192810058594,202370,0.0,0.0
2018-06-08 00:00:00+05:30,355.53813092830137,360.3379885658071,350.8310017374943,355.630859375,297726,0.0,0.0
2018-06-11 00:00:00+05:30,353.40483891345195,371.93187500659076,353.40483891345195,367.7348937988281,228618,0.0,0.0
2018-06-12 00:00:00+05:30,368.5928417300053,384.4532844579865,367.92039063772864,383.6185302734375,392684,0.0,0.0
2018-06-13 00:00:00+05:30,380.7896312768635,386.7489064593389,373.7869345205329,375.6187744140625,139568,0.0,0.0
2018-06-14 00:00:00+05:30,377.0332435837448,382.59830990970414,373.740590663042,381.7171630859375,210102,0.0,0.0
2018-06-15 00:00:00+05:30,381.6706638688646,386.0995219258293,373.67088385460227,376.2447204589844,147558,0.0,0.0
2018-06-18 00:00:00+05:30,376.6621929047371,382.59825717313373,373.9028422373807,376.70855712890625,264512,0.0,0.0
2018-06-19 00:00:00+05:30,376.29120459229654,391.1313798260216,375.5259967346524,383.38665771484375,524058,0.0,0.0
2018-06-20 00:00:00+05:30,383.5257558851424,387.2589815842531,372.0246264241501,377.7751770019531,159626,0.0,0.0
2018-06-21 00:00:00+05:30,377.7751612685696,386.4937859810161,376.986799683312,381.8562316894531,247738,0.0,0.0
2018-06-22 00:00:00+05:30,381.9257574178043,391.8501343885377,381.3692452717605,385.7517395019531,429962,0.0,0.0
2018-06-25 00:00:00+05:30,384.91704512474405,390.76035280086813,377.5433217333317,383.38665771484375,320686,0.0,0.0
2018-06-26 00:00:00+05:30,383.40980947805804,384.91701465592763,377.49692762641575,381.69390869140625,103706,0.0,0.0
2018-06-27 00:00:00+05:30,383.0156442897325,384.9170303463973,362.35531598044474,370.888427734375,204644,0.0,0.0
2018-06-28 00:00:00+05:30,372.5579714241846,373.2072404495144,361.7292917684017,363.0278015136719,85520,0.0,0.0
2018-06-29 00:00:00+05:30,364.8132617802105,377.9607183923154,364.7668692487085,376.31439208984375,126922,0.0,0.0
2018-07-02 00:00:00+05:30,379.3055900612028,381.2069760649196,366.3668018142171,371.3521728515625,135508,0.0,0.0
2018-07-03 00:00:00+05:30,368.6855954462939,379.81572662957825,368.6855954462939,374.71441650390625,578214,0.0,0.0
2018-07-04 00:00:00+05:30,376.77810894885766,388.163299220718,374.13469730742446,384.5923767089844,482950,0.0,0.0
2018-07-05 00:00:00+05:30,384.5460501522801,384.940230988612,377.9838987800157,380.4881896972656,138388,0.0,0.0
2018-07-06 00:00:00+05:30,380.2794732393431,389.5545823427417,380.2794732393431,387.9546203613281,222912,0.0,0.0
2018-07-09 00:00:00+05:30,389.7169073607295,405.32229062752583,383.57214723393923,394.9573669433594,624840,0.0,0.0
2018-07-10 00:00:00+05:30,397.9022208192735,404.55710095254494,394.2153589163387,397.415283203125,509972,0.0,0.0
2018-07-11 00:00:00+05:30,398.6441922180359,401.1484830877911,386.2387333479799,391.43280029296875,252770,0.0,0.0
2018-07-12 00:00:00+05:30,392.4762136827035,397.90215786005393,383.80398150416374,391.4791564941406,1438764,0.0,0.0
2018-07-13 00:00:00+05:30,391.87341164464937,393.8443725907911,376.12890619027445,380.00128173828125,261576,0.0,0.0
2018-07-16 00:00:00+05:30,382.5286816151465,391.87336549920553,371.4681251655191,376.22161865234375,806532,0.0,0.0
2018-07-17 00:00:00+05:30,376.52310187738334,388.62710910861034,376.24483159407197,381.97222900390625,314470,0.0,0.0
2018-07-18 00:00:00+05:30,384.82426382095645,389.0908195895713,382.0881236700064,386.9111633300781,496146,0.0,0.0
2018-07-19 00:00:00+05:30,389.5408183356089,389.5408183356089,379.3246458128842,384.5141906738281,235770,1.5,0.0
2018-07-20 00:00:00+05:30,384.4211001721216,389.56408510036306,376.2993581883435,383.5367736816406,274138,0.0,0.0
2018-07-23 00:00:00+05:30,384.9331011697871,394.6373141853495,384.1651602597657,391.42584228515625,196154,0.0,0.0
2018-07-24 00:00:00+05:30,394.17187068901217,400.2689798327531,392.1239715222029,394.8932800292969,226846,0.0,0.0
2018-07-25 00:00:00+05:30,397.59278737643467,404.9232953087482,387.9816656132757,390.239013671875,358174,0.0,0.0
2018-07-26 00:00:00+05:30,391.7981545598982,404.45782994747077,390.0295299148222,394.5907287597656,243902,0.0,0.0
2018-07-27 00:00:00+05:30,394.5907943591848,396.5223365315525,380.2788492055504,388.4238586425781,530002,0.0,0.0
2018-07-30 00:00:00+05:30,402.5961520313276,405.66797257976594,380.25555631167015,385.3054504394531,702682,0.0,0.0
2018-07-31 00:00:00+05:30,381.62850209658114,392.4264602347368,380.16238943018755,388.8426513671875,250748,0.0,0.0
2018-08-01 00:00:00+05:30,388.8659938909038,392.263620471998,385.44510153746336,386.8646545410156,175932,0.0,0.0
2018-08-02 00:00:00+05:30,387.23693880309565,390.96037090697155,377.32330650803254,386.9111328125,194178,0.0,0.0
2018-08-03 00:00:00+05:30,385.3985154251254,390.9603982000738,385.3985154251254,388.21435546875,215788,0.0,0.0
2018-08-06 00:00:00+05:30,390.96040544875297,403.85279592898667,390.96040544875297,397.9883728027344,1337512,0.0,0.0
2018-08-07 00:00:00+05:30,400.73443205115944,404.1786185560771,392.82213780624693,401.1300354003906,276748,0.0,0.0
2018-08-08 00:00:00+05:30,403.41061006423166,407.2503995456622,390.05279127762725,392.0075988769531,776282,0.0,0.0
2018-08-09 00:00:00+05:30,394.3580593663482,399.1054417308346,387.93514365323693,391.1233215332031,231544,0.0,0.0
2018-08-10 00:00:00+05:30,390.9837098746069,397.47645150279357,390.9837098746069,395.31219482421875,150302,0.0,0.0
2018-08-13 00:00:00+05:30,395.14928839011424,398.59347494051036,391.89128483448314,396.4524841308594,298910,0.0,0.0
2018-08-14 00:00:00+05:30,397.3600562215325,414.1853279446149,396.66191263812715,404.01568603515625,795250,0.0,0.0
2018-08-16 00:00:00+05:30,404.3880478835689,410.71790046443624,402.5961572748977,403.89935302734375,485376,0.0,0.0
2018-08-17 00:00:00+05:30,409.11215373619876,410.368817910411,401.78164586208595,405.73779296875,448250,0.0,0.0
2018-08-20 00:00:00+05:30,406.38941529515984,407.78570254454013,403.6201065690481,405.45855712890625,221380,0.0,0.0
2018-08-21 00:00:00+05:30,406.3196479049607,407.3668634923446,393.75306085635367,394.9631652832031,364860,0.0,0.0
2018-08-23 00:00:00+05:30,394.96309473058307,407.2271676855056,394.96309473058307,406.1333923339844,427548,0.0,0.0
2018-08-24 00:00:00+05:30,407.69262219023005,407.69262219023005,400.385379703897,402.0609130859375,395068,0.0,0.0
2018-08-27 00:00:00+05:30,403.9924122032903,403.9924122032903,392.8221150916786,394.8932800292969,207188,0.0,0.0
2018-08-28 00:00:00+05:30,396.5455274052635,403.03826795449714,391.00691067121426,394.2882080078125,206432,0.0,0.0
2018-08-29 00:00:00+05:30,395.1492855063494,400.0595565764228,389.0987075186197,390.82080078125,392742,0.0,0.0
2018-08-30 00:00:00+05:30,391.8912353515625,397.3600263437013,389.1451927669647,391.8912353515625,208462,0.0,0.0
2018-08-31 00:00:00+05:30,392.91519538978145,392.91519538978145,380.1391627508095,385.1890563964844,458032,0.0,0.0
2018-09-03 00:00:00+05:30,388.1678591785601,395.61472458246527,384.9098555643515,389.63397216796875,203010,0.0,0.0
2018-09-04 00:00:00+05:30,395.1260212565773,399.33814872891224,389.0987090179145,390.7509765625,491308,0.0,0.0
2018-09-05 00:00:00+05:30,392.3101574556708,393.6598846556258,371.8778108055912,374.2049560546875,591762,0.0,0.0
2018-09-06 00:00:00+05:30,377.230223279282,397.36002853138433,377.02077453734887,393.96240234375,887054,0.0,0.0
2018-09-07 00:00:00+05:30,397.01104005705974,406.78505159422065,396.54561093624255,404.7371520996094,695332,0.0,0.0
2018-09-10 00:00:00+05:30,403.62006250972,425.86756457312634,401.7350806103293,411.9046936035156,1221410,0.0,0.0
2018-09-11 00:00:00+05:30,416.5590231814629,420.7246190947848,402.68924239279414,408.3209228515625,525712,0.0,0.0
2018-09-12 00:00:00+05:30,410.64807162577546,412.8355939834068,389.72702879708197,391.5887451171875,544782,0.0,0.0
2018-09-14 00:00:00+05:30,394.7303326383993,403.5967780188609,391.7050440686444,394.56744384765625,410384,0.0,0.0
2018-09-17 00:00:00+05:30,395.61469750504887,399.57084448009937,393.3340837681822,394.614013671875,173790,0.0,0.0
2018-09-18 00:00:00+05:30,393.75300671504095,397.9418684886052,385.3752831679124,387.23699951171875,298780,0.0,0.0
2018-09-19 00:00:00+05:30,390.30879085747426,390.30879085747426,380.55807496375587,383.86260986328125,253946,0.0,0.0
2018-09-21 00:00:00+05:30,386.6319106169275,390.9603950231773,370.1789769485149,377.71893310546875,387686,0.0,0.0
2018-09-24 00:00:00+05:30,379.41774885842494,390.9603830576684,373.27408001458343,379.3013916015625,247026,0.0,0.0
2018-09-25 00:00:00+05:30,379.44098722235225,386.1198819208432,370.13240734569223,376.7647705078125,199448,0.0,0.0
2018-09-26 00:00:00+05:30,377.6258292234415,385.67777410654674,364.2447447138457,368.99212646484375,366932,0.0,0.0
2018-09-27 00:00:00+05:30,370.69091970197803,376.9974767488006,360.7074623213833,362.70880126953125,312600,0.0,0.0
2018-09-28 00:00:00+05:30,364.43094666577275,371.71492267159556,358.9621553205329,366.94427490234375,509804,0.0,0.0
2018-10-01 00:00:00+05:30,364.66368629234296,366.73485139184766,350.00267018741783,352.8883361816406,425994,0.0,0.0
2018-10-03 00:00:00+05:30,355.1223598346363,355.1223598346363,333.94533837660754,344.39422607421875,676134,0.0,0.0
2018-10-04 00:00:00+05:30,341.1129721980099,342.0903618689068,330.6640840349287,333.6661071777344,534580,0.0,0.0
2018-10-05 00:00:00+05:30,333.6661318664212,337.4360961988694,329.5470673027814,331.9905700683594,441886,0.0,0.0
2018-10-08 00:00:00+05:30,331.85092246602795,343.64953786951276,329.40741988125006,333.6661071777344,556894,0.0,0.0
2018-10-09 00:00:00+05:30,333.7126567459774,339.71670335588647,331.1760625299294,332.20001220703125,272818,0.0,0.0
2018-10-10 00:00:00+05:30,334.6900283803385,334.6900283803385,319.05162320131876,323.3568420410156,843294,0.0,0.0
2018-10-11 00:00:00+05:30,316.4917564514554,323.93862130913664,311.8607316865778,319.3541564941406,293702,0.0,0.0
2018-10-12 00:00:00+05:30,321.1460080986044,335.57430701317935,318.93522036169367,320.47113037109375,160294,0.0,0.0
2018-10-15 00:00:00+05:30,322.3561465673764,334.5271275086168,313.0475656280062,314.3042297363281,739354,0.0,0.0
2018-10-16 00:00:00+05:30,316.2590599351046,324.89276368964755,316.2590599351046,322.1001892089844,410956,0.0,0.0
2018-10-17 00:00:00+05:30,325.73051180250224,329.4074126889964,318.3534726658757,319.3541564941406,196458,0.0,0.0
2018-10-19 00:00:00+05:30,318.3535225464808,323.93867206484015,306.2523652567023,307.5788269042969,242594,0.0,0.0
2018-10-22 00:00:00+05:30,280.28140964175174,292.75490383758483,249.46999754681315,260.43084716796875,4972866,0.0,0.0
2018-10-23 00:00:00+05:30,267.99398777147763,268.5525082014093,250.49387035048065,257.68475341796875,1804598,0.0,0.0
2018-10-24 00:00:00+05:30,260.59375396148243,269.6928868186428,258.382965825489,266.4814147949219,762240,0.0,0.0
2018-10-25 00:00:00+05:30,263.8982041376191,263.8982041376191,255.17141167275074,260.2445983886719,465218,0.0,0.0
2018-10-26 00:00:00+05:30,260.1748206578399,261.7339965027047,255.52053048506997,259.1043395996094,402710,0.0,0.0
2018-10-29 00:00:00+05:30,263.6655348464048,263.6655348464048,255.52052715035524,256.7771911621094,347980,0.0,0.0
2018-10-30 00:00:00+05:30,258.6156682406768,262.0365604645444,256.14887149961817,258.4062194824219,347808,0.0,0.0
2018-10-31 00:00:00+05:30,259.70943333644396,271.3451606364639,257.8011854222557,263.6190490722656,831198,0.0,0.0
2018-11-01 00:00:00+05:30,264.8291435879306,264.8291435879306,259.70942376461386,260.2679443359375,550672,0.0,0.0
2018-11-02 00:00:00+05:30,262.0132557521011,263.6422572180343,259.33703905806806,260.756591796875,301300,0.0,0.0
2018-11-05 00:00:00+05:30,260.7566590122092,263.665590951212,258.3131561834469,262.1064147949219,247588,0.0,0.0
2018-11-06 00:00:00+05:30,263.50270931672566,263.50270931672566,259.61635909563495,260.3377685546875,220460,0.0,0.0
2018-11-07 00:00:00+05:30,262.5251798587089,265.2944876481202,261.59432200731203,264.2705383300781,43734,0.0,0.0
2018-11-09 00:00:00+05:30,264.270623016607,265.504021427966,259.4068835029488,260.2679443359375,293498,0.0,0.0
2018-11-12 00:00:00+05:30,262.45547283379784,264.3171891769139,255.52056809267583,256.17218017578125,258492,0.0,0.0
2018-11-13 00:00:00+05:30,255.89288349331042,255.93944344237366,247.7478751983681,251.02914428710938,635228,0.0,0.0
2018-11-14 00:00:00+05:30,253.54245655127698,255.84633586275842,249.14414666709112,253.3330078125,280182,0.0,0.0
2018-11-15 00:00:00+05:30,254.49662782244042,254.49662782244042,249.05110163618482,250.2845001220703,294560,0.0,0.0
2018-11-16 00:00:00+05:30,250.40083889769127,260.52392113937304,248.12022509861984,257.033203125,326010,0.0,0.0
2018-11-19 00:00:00+05:30,262.2925869116914,262.2925869116914,251.33173631501677,260.05853271484375,241736,0.0,0.0
2018-11-20 00:00:00+05:30,259.2440354142298,259.70946456219076,252.84438462976726,256.6143493652344,304838,0.0,0.0
2018-11-21 00:00:00+05:30,256.2187003778942,256.66086367131595,249.65616192196515,251.65750122070312,339228,0.0,0.0
2018-11-22 00:00:00+05:30,253.1934151872393,261.0126179159262,251.79712797113322,257.8709716796875,396750,0.0,0.0
2018-11-26 00:00:00+05:30,258.28988141390505,265.29458359756126,252.8443553322371,262.6416320800781,269854,0.0,0.0
2018-11-27 00:00:00+05:30,262.3623247095672,264.10768340453836,259.7093738117049,262.9673767089844,778868,0.0,0.0
2018-11-28 00:00:00+05:30,262.96745420031573,283.9117647118453,262.96745420031573,280.23486328125,1589268,0.0,0.0
2018-11-29 00:00:00+05:30,280.9563008314429,283.4230694962991,269.94889073418005,277.5819396972656,563692,0.0,0.0
2018-11-30 00:00:00+05:30,278.27997032718633,283.9116490519266,270.90290469664836,281.8404846191406,398696,0.0,0.0
2018-12-03 00:00:00+05:30,283.02742382752785,285.7269353286036,280.1650519123041,281.30535888671875,407630,0.0,0.0
2018-12-04 00:00:00+05:30,280.25813433229376,285.7734576154402,280.25813433229376,283.073974609375,194932,0.0,0.0
2018-12-05 00:00:00+05:30,282.84127927140514,284.00485206056874,279.79272424530416,281.8638610839844,407602,0.0,0.0
2018-12-06 00:00:00+05:30,281.5613355881693,282.58528527462704,279.2574558955237,281.3751525878906,173246,0.0,0.0
2018-12-07 00:00:00+05:30,279.7694006375847,286.0759872175613,279.7694006375847,284.91241455078125,148150,0.0,0.0
2018-12-10 00:00:00+05:30,280.18830768404166,283.88847457167543,275.25477077222104,277.0466613769531,179512,0.0,0.0
2018-12-11 00:00:00+05:30,276.4648666906319,293.22031315673075,274.60315041662085,283.93499755859375,330888,0.0,0.0
2018-12-12 00:00:00+05:30,286.2155633055773,291.82397695795197,281.58453916995364,286.30865478515625,697922,0.0,0.0
2018-12-13 00:00:00+05:30,288.1005855042663,292.91776486818145,284.37715305833075,287.1929931640625,220348,0.0,0.0
2018-12-14 00:00:00+05:30,288.5195245003582,288.5195245003582,282.53874322964526,285.3545837402344,208644,0.0,0.0
2018-12-17 00:00:00+05:30,282.98086001642037,285.05202495298164,280.6537147860222,283.4462890625,129650,0.0,0.0
2018-12-18 00:00:00+05:30,283.4462988696016,287.6351604292509,282.7481552763267,286.7973937988281,96462,0.0,0.0
2018-12-19 00:00:00+05:30,288.56597759016216,288.98487504967665,283.7720646117029,287.07659912109375,271464,0.0,0.0
2018-12-20 00:00:00+05:30,284.84258407137565,287.2860866308115,282.980867835615,284.7262268066406,401112,0.0,0.0
2018-12-21 00:00:00+05:30,284.3771616285454,286.6810412054066,283.4463034890084,284.51678466796875,161984,0.0,0.0
2018-12-24 00:00:00+05:30,289.0314786711174,294.1511989052274,284.42371909740297,290.6837463378906,581238,0.0,0.0
2018-12-26 00:00:00+05:30,290.89313231639403,295.3147079276032,286.2388421993317,293.15045166015625,680490,0.0,0.0
2018-12-27 00:00:00+05:30,293.68575462384547,295.08204188830115,291.3818749559862,293.24359130859375,342192,0.0,0.0
2018-12-28 00:00:00+05:30,293.24356555323294,298.80544834965957,289.6597562077192,293.42974853515625,671218,0.0,0.0
2018-12-31 00:00:00+05:30,295.4544160710619,295.7802221546287,288.56607039475966,289.7994689941406,446936,0.0,0.0
2019-01-01 00:00:00+05:30,292.289478029975,292.98762168768985,290.4277616094019,291.4051513671875,102592,0.0,0.0
2019-01-02 00:00:00+05:30,289.0547553559023,299.8992483978009,288.56606045116223,290.9862976074219,411360,0.0,0.0
2019-01-03 00:00:00+05:30,285.4709038674038,290.89316380371935,282.32925769832366,285.5639953613281,776372,0.0,0.0
2019-01-04 00:00:00+05:30,286.72751125752114,288.40307259386685,266.08574780315485,268.692138671875,1442152,0.0,0.0
2019-01-07 00:00:00+05:30,272.9741530515918,272.9741530515918,264.5266039598707,265.3876647949219,461116,0.0,0.0
2019-01-08 00:00:00+05:30,266.22541224822396,269.94884458736,263.1535919314505,265.3643798828125,232684,0.0,0.0
2019-01-09 00:00:00+05:30,265.43419477305105,266.45814441563147,261.5711391468731,262.9906921386719,267660,0.0,0.0
2019-01-10 00:00:00+05:30,262.9905923072763,264.99193088088447,260.17475316472667,261.7106628417969,210736,0.0,0.0
2019-01-11 00:00:00+05:30,261.8038466277629,262.19944996631955,252.35564237763694,254.8689422607422,390516,0.0,0.0
2019-01-14 00:00:00+05:30,257.38226750830137,259.70941278414494,255.26457098879072,256.6608581542969,860618,0.0,0.0
2019-01-15 00:00:00+05:30,256.73068328774707,258.77858271541675,254.14755743315658,255.6602020263672,1356204,0.0,0.0
2019-01-16 00:00:00+05:30,256.6841493164947,260.17486757555855,255.5438423370263,256.8005065917969,270656,0.0,0.0
2019-01-17 00:00:00+05:30,257.3357556561337,263.15361929090307,254.82242720289844,255.93946838378906,313526,0.0,0.0
2019-01-18 00:00:00+05:30,256.45140975418815,258.3131259774491,254.7060507948811,256.3350524902344,106732,0.0,0.0
2019-01-21 00:00:00+05:30,257.8477172045664,258.77857538942044,251.35497568370204,253.63558959960938,1083672,0.0,0.0
2019-01-22 00:00:00+05:30,253.19346213019597,256.40493468567274,250.65686753580243,253.5890655517578,359778,0.0,0.0
2019-01-23 00:00:00+05:30,254.56647214999063,263.20017695936906,251.7971631034813,253.51925659179688,730778,0.0,0.0
2019-01-24 00:00:00+05:30,256.893596583963,260.6402951451673,254.24064504115645,256.8703308105469,669878,0.0,0.0
2019-01-25 00:00:00+05:30,258.3131442320611,262.5485375762746,256.8703254200861,261.5478820800781,1161228,0.0,0.0
2019-01-28 00:00:00+05:30,262.0133251226226,267.6217402587104,261.1057326698027,262.9441833496094,762468,0.0,0.0
2019-01-29 00:00:00+05:30,272.741507126801,276.93036986424335,266.2254984241129,271.5314025878906,3583632,0.0,0.0
2019-01-30 00:00:00+05:30,273.2068292749711,283.3531760265044,272.39232850626377,280.1184387207031,1114976,0.0,0.0
2019-01-31 00:00:00+05:30,281.5846190994531,283.7721416566096,279.23420771244486,280.23486328125,1107442,0.0,0.0
2019-02-01 00:00:00+05:30,280.65373358508856,289.45035450823275,280.65373358508856,288.00750732421875,499750,0.0,0.0
2019-02-04 00:00:00+05:30,289.4928395023881,305.4539525484371,286.38075658965766,301.705322265625,753088,4.0,0.0
2019-02-05 00:00:00+05:30,301.8939365553469,306.77420968754586,301.21021942417315,303.9686584472656,434426,0.0,0.0
2019-02-06 00:00:00+05:30,303.1906208367208,318.32656411315,298.73470315714945,310.3813781738281,849192,0.0,0.0
2019-02-07 00:00:00+05:30,310.38132711209806,312.8804038228608,304.1336209453905,305.5953369140625,197384,0.0,0.0
2019-02-08 00:00:00+05:30,305.45394331400126,305.45394331400126,297.67377943679577,299.960693359375,185368,0.0,0.0
2019-02-11 00:00:00+05:30,299.8428665720713,303.7800902225992,297.9331666133383,300.85662841796875,247020,0.0,0.0
2019-02-12 00:00:00+05:30,300.73868628838693,311.1122379111132,299.4184218377795,303.85076904296875,389338,0.0,0.0
2019-02-14 00:00:00+05:30,303.09631755872454,315.87466457419714,301.91750485137135,308.8017883300781,247726,0.0,0.0
2019-02-15 00:00:00+05:30,304.6287579393843,313.5641635436546,300.8801279726781,303.2613525390625,188882,0.0,0.0
2019-02-18 00:00:00+05:30,304.08653548691603,305.406799954487,299.8663802666174,301.79962158203125,122228,0.0,0.0
2019-02-19 00:00:00+05:30,301.79959642699595,306.326254083722,301.30450089037396,302.0589294433594,120458,0.0,0.0
2019-02-20 00:00:00+05:30,301.7760612613782,304.0629464637814,291.4025091555183,293.6186828613281,399164,0.0,0.0
2019-02-21 00:00:00+05:30,297.01366076248263,300.99802468302295,291.4496417693454,295.8112487792969,491558,0.0,0.0
2019-02-22 00:00:00+05:30,294.27874628470045,300.2671196484019,282.91500509201234,283.66943359375,863818,0.0,0.0
2019-02-25 00:00:00+05:30,286.16859253346627,289.8936235274758,279.3078793567652,283.5516052246094,504096,0.0,0.0
2019-02-26 00:00:00+05:30,278.7184129919237,298.8997057986555,278.7184129919237,297.22576904296875,607672,0.0,0.0
2019-02-27 00:00:00+05:30,296.11775527776274,312.1496082705079,294.703180013697,303.8271789550781,604576,0.0,0.0
2019-02-28 00:00:00+05:30,305.59539197832106,310.23993127104757,305.59539197832106,308.9432373046875,311010,0.0,0.0
2019-03-01 00:00:00+05:30,310.64074445515365,317.80793206172575,309.7920049919196,315.473876953125,395662,0.0,0.0
2019-03-05 00:00:00+05:30,315.4502578445893,322.5231335810151,314.55434873946666,321.83941650390625,476206,0.0,0.0
2019-03-06 00:00:00+05:30,322.26383565210944,325.30517830587354,312.8569041423961,315.7096252441406,134442,0.0,0.0
2019-03-07 00:00:00+05:30,316.1575293155572,321.1556830695545,300.3850114707396,302.69549560546875,238018,0.0,0.0
2019-03-08 00:00:00+05:30,303.63857142974933,308.1416300455729,301.6817308977246,305.9018859863281,125490,0.0,0.0
2019-03-11 00:00:00+05:30,306.5384299076663,322.0516158891314,306.5384299076663,319.0338439941406,429124,0.0,0.0
2019-03-12 00:00:00+05:30,322.5231652623971,325.82384093028713,319.43468164336446,324.6921691894531,486240,0.0,0.0
2019-03-13 00:00:00+05:30,325.3994423422272,328.1107115201158,306.51486886781163,309.0846862792969,352854,0.0,0.0
2019-03-14 00:00:00+05:30,311.2065197644793,322.02802495766497,311.2065197644793,317.3127746582031,220150,0.0,0.0
2019-03-15 00:00:00+05:30,320.165557969506,327.2384348024111,308.89609603723335,314.931640625,829508,0.0,0.0
2019-03-18 00:00:00+05:30,313.98851788683055,317.24202321103076,308.84888372971625,310.1927185058594,264230,0.0,0.0
2019-03-19 00:00:00+05:30,312.55036801445686,313.96494316506244,304.1336573801958,305.2417297363281,349496,0.0,0.0
2019-03-20 00:00:00+05:30,307.3872112965527,313.63491860925006,300.3850465877655,301.25738525390625,235268,0.0,0.0
2019-03-22 00:00:00+05:30,301.7760354736425,306.2319530033541,296.5892598639393,297.4144287109375,233466,0.0,0.0
2019-03-25 00:00:00+05:30,297.06075414118686,306.3733730210098,297.06075414118686,299.25335693359375,253596,0.0,0.0
2019-03-26 00:00:00+05:30,302.2239332381715,306.491228431958,299.41835392968204,300.0549011230469,224970,0.0,0.0
2019-03-27 00:00:00+05:30,302.4597462185909,306.01975455650916,292.34552823580225,294.23162841796875,394558,0.0,0.0
2019-03-28 00:00:00+05:30,296.58923104232,303.6621061864135,296.3770390320767,300.2671203613281,205396,0.0,0.0
2019-04-01 00:00:00+05:30,300.36143402971425,306.01973419981874,295.71692415192797,296.51849365234375,257418,0.0,0.0
2019-04-02 00:00:00+05:30,299.3005043271988,302.7190606980097,295.64618544805614,297.0607604980469,322312,0.0,0.0
2019-04-03 00:00:00+05:30,298.8761618133168,301.7289115840518,295.17470143022786,295.8112487792969,243628,0.0,0.0
2019-04-04 00:00:00+05:30,297.532325703881,298.5225168607833,289.98792441820416,291.1903076171875,360138,0.0,0.0
2019-04-05 00:00:00+05:30,293.31213825519285,296.37705094078444,293.05280524540973,295.4811706542969,213480,0.0,0.0
2019-04-08 00:00:00+05:30,297.01361863177635,298.42819367759284,294.7267050399446,295.905517578125,299370,0.0,0.0
2019-04-09 00:00:00+05:30,298.47540072732136,301.7760765647483,292.3691446721596,294.5381774902344,576672,0.0,0.0
2019-04-10 00:00:00+05:30,296.1177498177585,299.2769736051751,293.7601244211203,294.7974853515625,282984,0.0,0.0
2019-04-11 00:00:00+05:30,296.5185449322469,298.66400714146334,291.9919155251694,293.6186828613281,285094,0.0,0.0
2019-04-12 00:00:00+05:30,293.5243452696528,297.0607831644679,286.85225426292624,288.03106689453125,451238,0.0,0.0
2019-04-15 00:00:00+05:30,290.6951922922036,292.2512191957543,284.80112918814433,285.862060546875,527992,0.0,0.0
2019-04-16 00:00:00+05:30,288.0074974355664,291.8740086370837,287.6538536448106,290.41229248046875,429958,0.0,0.0
2019-04-18 00:00:00+05:30,292.20411666291386,297.06081954398104,291.7325915525266,296.58929443359375,527078,0.0,0.0
2019-04-22 00:00:00+05:30,296.1413025847909,302.7190828034982,294.3730836431817,299.3240966796875,508376,0.0,0.0
2019-04-23 00:00:00+05:30,299.88993254924515,302.7190828563135,298.54609766522975,301.0923156738281,392214,0.0,0.0
2019-04-24 00:00:00+05:30,302.5776310968811,302.7190828563135,296.5892571909987,301.0923156738281,315324,0.0,0.0
2019-04-25 00:00:00+05:30,302.6012772581292,303.04923192467925,298.47543202866507,302.0826110839844,277948,0.0,0.0
2019-04-26 00:00:00+05:30,301.7525220279902,302.62483203361336,297.579507230717,301.7760925292969,277376,0.0,0.0
2019-04-30 00:00:00+05:30,297.0607809430255,302.7190815324165,293.3357215431678,300.0078125,505892,0.0,0.0
2019-05-02 00:00:00+05:30,298.2396164950248,298.47537903770865,290.45945258645895,296.28277587890625,326180,0.0,0.0
2019-05-03 00:00:00+05:30,294.93889335736833,297.03718540496,290.5301460316532,292.5812683105469,337480,0.0,0.0
2019-05-06 00:00:00+05:30,290.4594094076521,297.06075962146235,287.60668882117614,295.905517578125,234898,0.0,0.0
2019-05-07 00:00:00+05:30,298.00379412252573,298.00379412252573,291.80322898297754,293.2178039550781,371404,0.0,0.0
2019-05-08 00:00:00+05:30,292.3455478808559,293.28859803531026,285.8620780689821,287.1823425292969,189780,0.0,0.0
2019-05-09 00:00:00+05:30,285.39062305500124,291.87409445856383,285.39062305500124,287.8425598144531,192900,0.0,0.0
2019-05-10 00:00:00+05:30,289.23347748335016,290.129357811521,285.9799431231165,286.9465637207031,132822,0.0,0.0
2019-05-13 00:00:00+05:30,287.1588058911464,290.43591132021044,286.2393261262133,286.9701843261719,126884,0.0,0.0
2019-05-14 00:00:00+05:30,288.3611397619571,296.9664719599806,286.6872315834681,291.63824462890625,303738,0.0,0.0
2019-05-15 00:00:00+05:30,294.67962862485706,294.67962862485706,285.4141485325276,286.92303466796875,188612,0.0,0.0
2019-05-16 00:00:00+05:30,287.1587735783449,288.19613450975453,285.2726732592753,285.9563903808594,174118,0.0,0.0
2019-05-17 00:00:00+05:30,286.1214078253506,287.960367117297,283.5751897052785,285.6263122558594,112278,0.0,0.0
2019-05-20 00:00:00+05:30,290.4594442420295,290.4594442420295,284.63612111687684,285.6263122558594,124192,0.0,0.0
2019-05-21 00:00:00+05:30,287.1116330540468,288.5733492918851,285.27267372808905,287.65386962890625,131450,0.0,0.0
2019-05-22 00:00:00+05:30,287.63028561429087,287.63028561429087,283.03291629504605,285.5084228515625,208902,0.0,0.0
2019-05-23 00:00:00+05:30,285.5084131727633,287.6302758635601,283.85807552436586,284.8482666015625,205454,0.0,0.0
2019-05-24 00:00:00+05:30,284.8483033945589,285.8149528800203,280.1330523615113,282.7264404296875,139396,0.0,0.0
2019-05-27 00:00:00+05:30,283.3866367603214,285.74426269010775,282.32570509191754,282.82080078125,117016,0.0,0.0
2019-05-28 00:00:00+05:30,282.91502482071814,283.386549862086,270.1838487037858,272.4707336425781,360658,0.0,0.0
2019-05-29 00:00:00+05:30,274.40395981370045,275.2762694892595,270.6553305767952,271.4804992675781,140554,0.0,0.0
2019-05-30 00:00:00+05:30,272.06997016575497,273.48454540058555,271.17406100518616,272.4943542480469,119072,0.0,0.0
2019-05-31 00:00:00+05:30,274.5690444806417,275.3235018658339,272.23498961142656,274.4040222167969,234212,0.0,0.0
2019-06-03 00:00:00+05:30,273.720253819579,281.5004160728487,272.5414413569624,275.6063537597656,243998,0.0,0.0
2019-06-04 00:00:00+05:30,277.20958572210543,281.50045212370696,275.8657220748575,280.01513671875,187668,0.0,0.0
2019-06-06 00:00:00+05:30,281.948463078349,284.6597326319972,277.256782181766,282.6793212890625,296710,0.0,0.0
2019-06-07 00:00:00+05:30,282.9150283374664,290.43585859669173,280.6045440942018,288.2432556152344,370526,0.0,0.0
2019-06-10 00:00:00+05:30,289.9879021842399,291.40247731684593,285.555555256899,287.2294921875,203488,0.0,0.0
2019-06-11 00:00:00+05:30,287.7717042371966,304.6758929014077,287.7717042371966,298.7110900878906,581208,0.0,0.0
2019-06-12 00:00:00+05:30,298.42820080606293,300.1256793897487,297.29652923053663,298.475341796875,189850,0.0,0.0
2019-06-13 00:00:00+05:30,296.1648974961074,298.94690703875267,292.8170808691884,294.37310791015625,312810,0.0,0.0
2019-06-14 00:00:00+05:30,293.0763683513191,298.82897931053526,293.0763683513191,297.0607604980469,208634,0.0,0.0
2019-06-17 00:00:00+05:30,297.53231115615625,301.4931331493166,290.2472432649537,291.4260559082031,89976,0.0,0.0
2019-06-18 00:00:00+05:30,291.4024862774144,300.8329874514408,291.4024862774144,299.6541748046875,212498,0.0,0.0
2019-06-19 00:00:00+05:30,301.6109761297172,301.7759983669834,295.3396706399718,297.7680358886719,149994,0.0,0.0
2019-06-20 00:00:00+05:30,298.92330178384447,299.8899223499636,294.7031469634076,296.4242248535156,107998,0.0,0.0
2019-06-21 00:00:00+05:30,298.6875385467539,299.39482609776223,294.86816850354626,297.0372009277344,85096,0.0,0.0
2019-06-24 00:00:00+05:30,299.39483891321447,299.6541719370974,294.70315886811306,296.2591857910156,166782,0.0,0.0
2019-06-25 00:00:00+05:30,294.4673778079995,297.5087199720253,288.47900424077125,289.7049865722656,411686,0.0,0.0
2019-06-26 00:00:00+05:30,291.8504571176173,295.55191752303637,287.63030185093214,289.2806396484375,92292,0.0,0.0
2019-06-27 00:00:00+05:30,291.8268627833961,292.5812913459353,288.1961141695159,290.08221435546875,260230,0.0,0.0
2019-06-28 00:00:00+05:30,292.34555209529316,292.72276640659146,288.5733514230958,291.1195983886719,36820,0.0,0.0
2019-07-01 00:00:00+05:30,292.34551117473774,293.26499071580474,288.3611190165162,290.5301513671875,40906,0.0,0.0
2019-07-02 00:00:00+05:30,287.7481676731597,292.81706206478026,287.1587613485526,288.431884765625,60306,0.0,0.0
2019-07-03 00:00:00+05:30,288.43187116299157,291.87399818044264,286.3571494863777,290.3651123046875,80016,0.0,0.0
2019-07-04 00:00:00+05:30,290.08223036255134,294.37309701052726,287.93679703856344,292.6284484863281,99088,0.0,0.0
2019-07-05 00:00:00+05:30,293.1942320661212,299.3004864225487,291.99184910147824,295.740478515625,714312,0.0,0.0
2019-07-08 00:00:00+05:30,294.2316607706118,296.8250488062502,288.59693010089404,289.4692687988281,252100,0.0,0.0
2019-07-09 00:00:00+05:30,291.70903136998925,295.64625466912975,287.7482087908077,290.17657470703125,62062,0.0,0.0
2019-07-10 00:00:00+05:30,291.9919177697386,292.29842059615646,288.26685797306544,290.55377197265625,51014,0.0,0.0
2019-07-11 00:00:00+05:30,291.975278580897,293.51523255134435,287.99507828911544,288.9901428222656,30632,1.5,0.0
2019-07-12 00:00:00+05:30,290.12725830071844,296.14492904295184,288.5873046696951,295.0077209472656,58562,0.0,0.0
2019-07-15 00:00:00+05:30,295.6711018783721,296.0027899882779,291.7619887525763,294.4154357910156,26954,0.0,0.0
2019-07-16 00:00:00+05:30,293.7758323561105,293.7758323561105,291.0749842423031,291.99896240234375,80678,0.0,0.0
2019-07-17 00:00:00+05:30,287.331695778878,295.81327002850077,287.331695778878,289.5823974609375,53796,0.0,0.0
2019-07-18 00:00:00+05:30,289.9851674680051,292.40169896207505,287.3080052524655,288.113525390625,57744,0.0,0.0
2019-07-19 00:00:00+05:30,288.1134916614201,289.8903613521045,272.4533525716029,273.49578857421875,358106,0.0,0.0
2019-07-22 00:00:00+05:30,273.8748885526958,277.14434083195573,266.55417856768116,272.3112487792969,587262,0.0,0.0
2019-07-23 00:00:00+05:30,271.50568369776863,275.2963389675455,271.0318517890465,273.8985290527344,58010,0.0,0.0
2019-07-24 00:00:00+05:30,272.9508811711098,274.822523103916,262.3844347737819,266.10400390625,184570,0.0,0.0
2019-07-25 00:00:00+05:30,267.26489827071657,276.765222823128,265.34588471002,266.2935485839844,84346,0.0,0.0
2019-07-26 00:00:00+05:30,262.7872161409971,269.61040852238136,253.73703649162604,267.3833923339844,171386,0.0,0.0
2019-07-29 00:00:00+05:30,264.39824659845533,267.47815448893914,252.55244701967146,253.47642517089844,186278,0.0,0.0
2019-07-30 00:00:00+05:30,253.54741617933922,254.40033666184902,222.10868390327147,238.6691131591797,1961670,0.0,0.0
2019-07-31 00:00:00+05:30,237.8636514091084,248.76178683223486,233.71762162857115,246.65322875976562,689760,0.0,0.0
2019-08-01 00:00:00+05:30,248.76175865029998,248.80913027426172,239.16666224521697,245.42124938964844,258388,0.0,0.0
2019-08-02 00:00:00+05:30,245.42125255881024,253.0025633965275,239.28512331545167,250.8466339111328,84132,0.0,0.0
2019-08-05 00:00:00+05:30,247.81412775000723,251.96015761198151,242.60197592352523,243.81024169921875,89284,0.0,0.0
2019-08-06 00:00:00+05:30,244.0234517176011,254.92158645450368,241.39369020647337,251.7232208251953,106908,0.0,0.0
2019-08-07 00:00:00+05:30,252.31548213902425,255.5849337574378,247.38761890091757,250.20692443847656,52802,0.0,0.0
2019-08-08 00:00:00+05:30,250.65710609476395,255.6323416599719,250.20695995002075,254.11607360839844,35076,0.0,0.0
2019-08-09 00:00:00+05:30,257.52771820565147,264.87211495300676,252.22079348154438,254.94532775878906,79954,0.0,0.0
2019-08-13 00:00:00+05:30,255.86924644370066,255.86924644370066,251.1309270651136,251.9364471435547,39966,0.0,0.0
2019-08-14 00:00:00+05:30,251.1309527661798,253.00259489634925,242.15183084074113,245.7766571044922,94412,0.0,0.0
2019-08-16 00:00:00+05:30,243.33641327878746,245.44497142355434,238.3374915560769,242.10446166992188,135092,0.0,0.0
2019-08-19 00:00:00+05:30,242.15180605860988,254.23452047400684,241.6542883079395,251.9364471435547,64414,0.0,0.0
2019-08-20 00:00:00+05:30,249.4014123131217,267.2411951534984,249.4014123131217,262.8345642089844,141318,0.0,0.0
2019-08-21 00:00:00+05:30,262.9530075561667,263.450525246022,254.921551407122,257.4802551269531,540306,0.0,0.0
2019-08-22 00:00:00+05:30,254.9215966916872,277.1916990049015,251.96014691599382,270.7001953125,267908,0.0,0.0
2019-08-23 00:00:00+05:30,270.5580601602954,273.0456780514365,249.73313888751838,256.3904724121094,266880,0.0,0.0
2019-08-26 00:00:00+05:30,256.8406277621205,259.6599339236583,245.23174385494966,251.27310180664062,130160,0.0,0.0
2019-08-27 00:00:00+05:30,251.60475824430034,255.7744735008026,251.22569847923765,252.4102783203125,51790,0.0,0.0
2019-08-28 00:00:00+05:30,258.23842658660874,258.23842658660874,253.9739388081143,255.7508087158203,46318,0.0,0.0
2019-08-29 00:00:00+05:30,260.1100140277679,260.1100140277679,251.6520976917394,253.16836547851562,23376,0.0,0.0
2019-08-30 00:00:00+05:30,255.7270827726047,258.8069901293314,250.96507795128497,256.840576171875,104250,0.0,0.0
2019-09-03 00:00:00+05:30,256.84063555276566,264.65886372739527,251.6047976198989,262.479248046875,258870,0.0,0.0
2019-09-04 00:00:00+05:30,264.3745893212293,266.2699174584254,262.9767790359647,265.5828552246094,77028,0.0,0.0
2019-09-05 00:00:00+05:30,264.16129692925347,266.93320210913816,263.4031774210268,266.53045654296875,513046,0.0,0.0
2019-09-06 00:00:00+05:30,272.2164610879052,272.2164610879052,263.4742556396429,269.96575927734375,57458,0.0,0.0
2019-09-09 00:00:00+05:30,269.96575388863903,271.03187577762446,263.92439651772173,265.8670959472656,105476,0.0,0.0
2019-09-11 00:00:00+05:30,264.77729850799386,268.66272643809384,264.77729850799386,267.31231689453125,86390,0.0,0.0
2019-09-12 00:00:00+05:30,269.11285598282365,271.00818374194847,266.24617853122857,269.6577453613281,118546,0.0,0.0
2019-09-13 00:00:00+05:30,270.08415437041856,271.9794817695092,268.47311451303113,271.4819641113281,87150,0.0,0.0
2019-09-16 00:00:00+05:30,271.9557968151366,278.85004446689896,271.0318189210981,275.7938232421875,204680,0.0,0.0
2019-09-17 00:00:00+05:30,278.54210661602355,278.9922527629102,272.09800351666104,272.406005859375,231842,0.0,0.0
2019-09-18 00:00:00+05:30,274.79882102146917,283.9200852568683,272.45334729114273,278.77899169921875,183828,0.0,0.0
2019-09-19 00:00:00+05:30,279.5608604596692,283.5884321781559,276.9547846418248,281.7641906738281,62482,0.0,0.0
2019-09-20 00:00:00+05:30,284.2754593092803,289.9851280230386,276.88366418390126,283.8489990234375,1035268,0.0,0.0
2019-09-23 00:00:00+05:30,283.8490187521688,296.144963417338,279.5845312789591,293.49151611328125,250652,0.0,0.0
2019-09-24 00:00:00+05:30,293.3019968558538,293.3019968558538,279.79778536895265,284.7019348144531,147282,0.0,0.0
2019-09-25 00:00:00+05:30,284.7019247270187,288.99012714847686,268.4021224761109,270.131591796875,329878,0.0,0.0
2019-09-26 00:00:00+05:30,272.8088021063627,275.29642036265176,266.79112930230474,269.27874755859375,82800,0.0,0.0
2019-09-27 00:00:00+05:30,272.1216754386936,274.0644037312358,268.04673235159606,271.3635559082031,39044,0.0,0.0
2019-09-30 00:00:00+05:30,271.36352351008384,273.40099481037873,268.6626760095056,270.06048583984375,69560,0.0,0.0
2019-10-01 00:00:00+05:30,272.9034636731952,274.1117291238006,263.45051234716186,265.8196716308594,56534,0.0,0.0
2019-10-03 00:00:00+05:30,265.8433786720583,268.188852334328,263.45053338849175,264.1849670410156,55588,0.0,0.0
2019-10-04 00:00:00+05:30,265.3458454587805,274.8224827965941,261.0813586567644,264.0901794433594,39998,0.0,0.0
2019-10-07 00:00:00+05:30,263.85327329670923,277.1916524125873,259.0202112114789,272.8560791015625,132852,0.0,0.0
2019-10-09 00:00:00+05:30,275.0594263216058,275.7701741932379,262.7161107350101,272.1927490234375,94040,0.0,0.0
2019-10-10 00:00:00+05:30,274.017018017425,274.017018017425,268.1888906651439,268.82855224609375,29376,0.0,0.0
2019-10-11 00:00:00+05:30,268.59168637575124,273.87492530931246,265.3459483965657,272.8324890136719,40832,0.0,0.0
2019-10-14 00:00:00+05:30,267.24122857868036,279.5608596833713,261.3183290091174,276.8836975097656,139622,0.0,0.0
2019-10-15 00:00:00+05:30,280.88755367799206,281.29032815834364,273.5194731772633,278.75531005859375,83224,0.0,0.0
2019-10-16 00:00:00+05:30,281.93004966504395,285.9102501696561,277.23910113606615,284.39398193359375,332582,0.0,0.0
2019-10-17 00:00:00+05:30,281.14816854555244,293.30196931050745,281.14816854555244,287.4975280761719,234364,0.0,0.0
2019-10-18 00:00:00+05:30,289.03745483148344,298.0402608016444,282.9487265724571,294.9840393066406,166294,0.0,0.0
2019-10-22 00:00:00+05:30,293.77576152146463,300.8832396227904,288.3266949771149,293.1834716796875,150286,0.0,0.0
2019-10-23 00:00:00+05:30,293.7757842146833,299.9355990449912,284.7729779242334,285.5310974121094,219668,0.0,0.0
2019-10-24 00:00:00+05:30,286.1945273032159,295.67116728014355,284.60720167524454,288.3978576660156,98418,0.0,0.0
2019-10-25 00:00:00+05:30,289.9851641668977,291.26451626348035,276.6941832599965,285.5074462890625,219378,0.0,0.0
2019-10-27 00:00:00+05:30,289.0138140457202,289.0138140457202,282.0247925327123,284.014892578125,7192,0.0,0.0
2019-10-29 00:00:00+05:30,284.29918280984816,289.0375025233456,279.79777908202556,286.24188232421875,39108,0.0,0.0
2019-10-30 00:00:00+05:30,287.6160124197244,289.03750836249077,284.2991885532696,285.2705383300781,72794,0.0,0.0
2019-10-31 00:00:00+05:30,288.56366594539577,300.64638102192714,284.7730102351114,293.5862731933594,673950,0.0,0.0
2019-11-01 00:00:00+05:30,295.6711041867712,295.9553917572507,290.2457231736222,291.0275573730469,472010,0.0,0.0
2019-11-04 00:00:00+05:30,294.51026096282897,295.19732311692604,276.1019001343752,283.3988952636719,169560,0.0,0.0
2019-11-05 00:00:00+05:30,289.0375080332209,289.0375080332209,279.63195479079525,283.7779846191406,1007302,0.0,0.0
2019-11-06 00:00:00+05:30,283.3041267976709,285.4837421404563,278.37626308301753,285.246826171875,92718,0.0,0.0
2019-11-07 00:00:00+05:30,284.370233019293,291.88045724218404,284.370233019293,290.0325012207031,192924,0.0,0.0
2019-11-08 00:00:00+05:30,289.0374525936791,294.72343526765314,285.3652554500709,291.4302978515625,237054,0.0,0.0
2019-11-11 00:00:00+05:30,289.1085222672475,294.2495864035613,287.6396261422995,292.2831726074219,178570,0.0,0.0
2019-11-13 00:00:00+05:30,297.42436890890247,297.42436890890247,292.8281924663674,295.97918701171875,253042,0.0,0.0
2019-11-14 00:00:00+05:30,294.723494174071,319.3627573526107,293.7758302056656,315.26409912109375,881154,0.0,0.0
2019-11-15 00:00:00+05:30,315.5957289888337,318.41503455806395,300.338336132179,309.24639892578125,350762,0.0,0.0
2019-11-18 00:00:00+05:30,309.74398884368145,321.25810083281067,300.90701034257927,306.9246826171875,456868,0.0,0.0
2019-11-19 00:00:00+05:30,308.91474569857854,317.4674066150979,308.91474569857854,312.7764587402344,181986,0.0,0.0
2019-11-20 00:00:00+05:30,315.09821265977234,316.51970835598183,312.7764247878019,315.2403564453125,109062,0.0,0.0
2019-11-21 00:00:00+05:30,315.09824981651275,326.94404868179515,315.09824981651275,325.71209716796875,514886,0.0,0.0
2019-11-22 00:00:00+05:30,326.020031416549,331.6823283779389,315.0982119590419,318.6282653808594,380972,0.0,0.0
2019-11-25 00:00:00+05:30,318.39136742166005,320.784212856077,316.1169799683568,318.6993408203125,179166,0.0,0.0
2019-11-26 00:00:00+05:30,319.6944499714009,326.61238546879935,310.9285581417501,319.9313659667969,732718,0.0,0.0
2019-11-27 00:00:00+05:30,323.15346306808976,324.10112718265896,314.2691119940037,320.4052429199219,390736,0.0,0.0
2019-11-28 00:00:00+05:30,320.31037714406864,323.6272005760339,317.8227595700948,321.9214172363281,90078,0.0,0.0
2019-11-29 00:00:00+05:30,324.55122328097593,325.52257306426196,322.0399195494237,324.26690673828125,164394,0.0,0.0
2019-12-02 00:00:00+05:30,324.55116159477177,326.42280336024123,318.5808623778464,322.7742919921875,55450,0.0,0.0
2019-12-03 00:00:00+05:30,322.7032242767364,325.214527676008,317.1120133884474,320.2156066894531,67438,0.0,0.0
2019-12-04 00:00:00+05:30,317.4674098692372,326.94404896981143,315.335166071608,324.9539489746094,102702,0.0,0.0
2019-12-05 00:00:00+05:30,325.0487615435524,326.8730032289488,319.8366093905217,326.20965576171875,105348,0.0,0.0
2019-12-06 00:00:00+05:30,320.78421602095,327.41786302876875,320.78421602095,327.1335754394531,171932,0.0,0.0
2019-12-09 00:00:00+05:30,330.2608886392505,330.2608886392505,321.8266852156154,322.9875793457031,79620,0.0,0.0
2019-12-10 00:00:00+05:30,320.4999962291074,324.40911047134983,317.1120856509992,319.7655334472656,98156,0.0,0.0
2019-12-11 00:00:00+05:30,319.14949226153067,322.1820281968402,317.9412266180767,320.54730224609375,142142,0.0,0.0
2019-12-12 00:00:00+05:30,319.9787172877347,322.158361659275,317.2304976996609,318.17816162109375,186300,0.0,0.0
2019-12-13 00:00:00+05:30,318.3913869985536,319.8365686729202,315.09824913702505,318.77044677734375,297102,0.0,0.0
2019-12-16 00:00:00+05:30,315.0982218556828,320.78420480646207,315.0982218556828,318.9362487792969,269922,0.0,0.0
2019-12-17 00:00:00+05:30,315.90373934203643,320.47619990914916,315.90373934203643,318.9599609375,197004,0.0,0.0
2019-12-18 00:00:00+05:30,322.65586199361456,331.06637884172267,317.9886000805897,319.7891845703125,324080,0.0,0.0
2019-12-19 00:00:00+05:30,319.7892081451826,327.8917232646279,318.6519998489339,325.45147705078125,106010,0.0,0.0
2019-12-20 00:00:00+05:30,323.20077099591816,326.9440550787511,320.3104075843996,324.1721496582031,304166,0.0,0.0
2019-12-23 00:00:00+05:30,320.99749091813595,322.67958871693963,314.1979844350705,317.84649658203125,251386,0.0,0.0
2019-12-24 00:00:00+05:30,316.51970998435405,322.0635490121728,315.95110591886424,317.3015441894531,121266,0.0,0.0
2019-12-26 00:00:00+05:30,319.67077199028984,319.83660162296724,315.5721136013277,317.25421142578125,246222,0.0,0.0
2019-12-27 00:00:00+05:30,319.33906253601964,322.6795721464052,315.0271742490723,321.32916259765625,100292,0.0,0.0
2019-12-30 00:00:00+05:30,323.1059907062105,325.2145195674881,315.57205177583285,318.391357421875,55878,0.0,0.0
2019-12-31 00:00:00+05:30,319.83652238957586,321.1158742632148,317.4673629644679,319.43377685546875,37034,0.0,0.0
2020-01-01 00:00:00+05:30,321.18695004112357,336.3969717714118,319.9786844493785,334.7148742675781,471888,0.0,0.0
2020-01-02 00:00:00+05:30,335.47306436684886,345.3287644285724,335.18877672792263,338.0317687988281,434864,0.0,0.0
2020-01-03 00:00:00+05:30,339.2636724114933,339.2636724114933,327.89170573848236,329.1236572265625,104970,0.0,0.0
2020-01-06 00:00:00+05:30,326.94404046197843,326.94404046197843,320.7842252068977,323.69830322265625,103268,0.0,0.0
2020-01-07 00:00:00+05:30,329.2895411606634,329.2895411606634,322.6795792380057,323.7220153808594,87850,0.0,0.0
2020-01-08 00:00:00+05:30,323.12968695373144,325.0960720897263,317.15938734804195,323.9588928222656,73262,0.0,0.0
2020-01-09 00:00:00+05:30,328.8393920698806,328.8393920698806,323.6272403223753,324.85919189453125,55048,0.0,0.0
2020-01-10 00:00:00+05:30,327.8916377000523,331.0189163180486,323.62715108256606,326.1621398925781,96128,0.0,0.0
2020-01-13 00:00:00+05:30,328.81567098503416,330.42668218194166,319.50486206663237,323.579833984375,90330,0.0,0.0
2020-01-14 00:00:00+05:30,323.6272685417545,327.44161050549235,322.3953168621759,324.1247863769531,41236,0.0,0.0
2020-01-15 00:00:00+05:30,324.5985441700565,337.3683199289773,324.57485835863685,335.66253662109375,325548,0.0,0.0
2020-01-16 00:00:00+05:30,337.3683213016928,338.7898170375145,327.8205967079282,331.7060241699219,140660,0.0,0.0
2020-01-17 00:00:00+05:30,337.60528857693623,337.60528857693623,331.9193047693247,333.26971435546875,92258,0.0,0.0
2020-01-20 00:00:00+05:30,335.4256361040432,337.3683354563457,327.4178648881107,332.74847412109375,183716,0.0,0.0
2020-01-21 00:00:00+05:30,329.3843104894968,344.47584739381324,329.33690993953576,338.3634033203125,398718,0.0,0.0
2020-01-22 00:00:00+05:30,339.2636535425605,348.74029190967116,339.2636535425605,344.07305908203125,512922,0.0,0.0
2020-01-23 00:00:00+05:30,347.60311928129744,350.6356554370241,340.42458233641946,350.0433654785156,177270,0.0,0.0
2020-01-24 00:00:00+05:30,350.04335722967386,350.04335722967386,342.6041897420311,345.77886962890625,155064,0.0,0.0
2020-01-27 00:00:00+05:30,342.34360254489485,345.77888436973984,333.1986511952514,341.94085693359375,256330,0.0,0.0
2020-01-28 00:00:00+05:30,343.5281773339506,347.1766892773032,336.42069780290336,342.3435974121094,93452,0.0,0.0
2020-01-29 00:00:00+05:30,345.23397930016193,349.21417961838614,328.910490241302,332.1088562011719,126174,0.0,0.0
2020-01-30 00:00:00+05:30,329.4316843125262,335.2124402564251,322.490034232779,326.54132080078125,84100,0.0,0.0
2020-01-31 00:00:00+05:30,329.28948540049845,339.2636411329664,326.47017980532667,332.1324768066406,478658,0.0,0.0
2020-02-03 00:00:00+05:30,333.1038161875301,339.0267147683894,327.2520039578023,335.75726318359375,69506,0.0,0.0
2020-02-04 00:00:00+05:30,335.946866724403,343.7414084148548,335.6388643757448,339.7138366699219,173770,0.0,0.0
2020-02-05 00:00:00+05:30,343.48086690724165,343.48086690724165,331.72980885242686,338.4108581542969,319720,0.0,0.0
2020-02-06 00:00:00+05:30,337.83489934000704,340.23429493191054,335.9153828664843,338.5547180175781,148912,4.5,0.0
2020-02-07 00:00:00+05:30,342.51369485432446,342.51369485432446,334.01982924312034,340.5701904296875,32380,0.0,0.0
2020-02-10 00:00:00+05:30,340.71417316295145,342.8496410920834,335.21955141390305,336.4432373046875,365856,0.0,0.0
2020-02-11 00:00:00+05:30,339.73045297288786,339.7544410726909,328.76519672897507,335.867431640625,113908,0.0,0.0
2020-02-12 00:00:00+05:30,340.0903571417827,340.0903571417827,330.25283463392384,335.96337890625,231486,0.0,0.0
2020-02-13 00:00:00+05:30,331.164536926996,339.7303959631964,331.164536926996,336.46722412109375,150112,0.0,0.0
2020-02-14 00:00:00+05:30,336.3712398908408,337.18704016753696,334.28374836316294,336.51519775390625,137632,0.0,0.0
2020-02-17 00:00:00+05:30,333.1081008722252,338.24278399392847,333.1081008722252,336.4432373046875,387856,0.0,0.0
2020-02-18 00:00:00+05:30,335.9153900333197,342.44173446673943,333.9238799337517,339.08258056640625,137222,0.0,0.0
2020-02-19 00:00:00+05:30,338.38677472645446,346.4727262195183,334.2597967019419,344.84112548828125,76958,0.0,0.0
2020-02-20 00:00:00+05:30,343.0896152026999,346.25680597892836,340.7142074757787,344.1453552246094,82850,0.0,0.0
2020-02-24 00:00:00+05:30,345.03309155307124,352.23127844221733,341.24203474232195,346.20880126953125,164192,0.0,0.0
2020-02-25 00:00:00+05:30,345.0331343481736,347.864433258208,338.0028925653346,342.393798828125,110356,0.0,0.0
2020-02-26 00:00:00+05:30,336.8751640489989,347.24054199624544,336.8751640489989,344.36126708984375,90930,0.0,0.0
2020-02-27 00:00:00+05:30,339.8264343652271,348.1763140648455,334.0678845215596,342.2018127441406,153308,0.0,0.0
2020-02-28 00:00:00+05:30,338.84267073540116,338.84267073540116,321.99892355864046,334.1878662109375,179552,0.0,0.0
2020-03-02 00:00:00+05:30,335.9153701154405,345.51295211873884,329.1970627131317,335.3155212402344,169482,0.0,0.0
2020-03-03 00:00:00+05:30,335.43554299564687,342.53774892077337,332.2683521595568,339.75445556640625,95536,0.0,0.0
2020-03-04 00:00:00+05:30,339.7304139563384,342.5137068723229,330.15682007447725,338.1708068847656,92980,0.0,0.0
2020-03-05 00:00:00+05:30,338.3627365832794,341.3140047194992,333.0121022727975,338.96258544921875,88748,0.0,0.0
2020-03-06 00:00:00+05:30,333.03606779463183,339.6583929678079,329.31700507790504,335.2434997558594,78872,0.0,0.0
2020-03-09 00:00:00+05:30,334.42775306157915,340.18630220227277,328.71718011459313,329.7489318847656,175428,0.0,0.0
2020-03-11 00:00:00+05:30,329.1730866785513,335.89139432705207,326.317800070039,329.3650207519531,107614,0.0,0.0
2020-03-12 00:00:00+05:30,321.9988977668634,324.39829342831547,302.3478414416717,310.76971435546875,220058,0.0,0.0
2020-03-13 00:00:00+05:30,278.88179793396984,318.0879036153769,248.62539212078855,313.5770568847656,187594,0.0,0.0
2020-03-16 00:00:00+05:30,304.84320365396724,304.84320365396724,281.928976224645,289.22314453125,962284,0.0,0.0
2020-03-17 00:00:00+05:30,283.60859000582656,288.8632727851543,278.8097982967601,285.5281066894531,254406,0.0,0.0
2020-03-18 00:00:00+05:30,289.33838882928313,289.33838882928313,272.74687818653155,275.7613220214844,71964,1.5,0.0
2020-03-19 00:00:00+05:30,268.64716345362586,268.64716345362586,244.8451182900198,254.3466339111328,264848,0.0,0.0
2020-03-20 00:00:00+05:30,254.3466656978519,267.68257513516056,235.31950770205415,246.3885498046875,92468,0.0,0.0
2020-03-23 00:00:00+05:30,231.5092591231824,243.34998721783526,202.59471139302502,226.34852600097656,135844,0.0,0.0
2020-03-24 00:00:00+05:30,243.06061139005766,271.5410673636118,223.30997191714434,242.2406768798828,178180,0.0,0.0
2020-03-25 00:00:00+05:30,242.2406674945202,253.18913162426637,229.6041150895509,248.607177734375,36144,0.0,0.0
2020-03-26 00:00:00+05:30,250.80175335331052,274.386776164977,250.80175335331052,264.0653076171875,140910,0.0,0.0
2020-03-27 00:00:00+05:30,264.35460970913846,277.32878553818085,250.80168431278963,260.59259033203125,45996,0.0,0.0
2020-03-30 00:00:00+05:30,260.4478637416602,267.682526623373,243.5669836843304,264.95745849609375,88116,0.0,0.0
2020-03-31 00:00:00+05:30,265.02986078068943,272.5056803295533,260.9302178022802,265.7292175292969,52508,0.0,0.0
2020-04-01 00:00:00+05:30,265.72921830906074,269.49123775387915,256.6858881830916,261.701904296875,76680,0.0,0.0
2020-04-03 00:00:00+05:30,267.65845874810464,267.65845874810464,240.19084516540042,247.95603942871094,235558,0.0,0.0
2020-04-07 00:00:00+05:30,250.8258078275342,260.3755589086241,240.74551174883655,245.47216796875,144230,0.0,0.0
2020-04-08 00:00:00+05:30,246.91910728344632,250.41586182025657,243.56704015022936,246.50914001464844,67842,0.0,0.0
2020-04-09 00:00:00+05:30,247.44963684857177,255.3595485182414,243.06061880423303,247.83547973632812,215980,0.0,0.0
2020-04-13 00:00:00+05:30,247.90785013685647,247.90785013685647,236.3323863172367,246.02684020996094,98272,0.0,0.0
2020-04-15 00:00:00+05:30,251.66986496876441,253.21326600150167,241.30017883727436,243.59115600585938,118974,0.0,0.0
2020-04-16 00:00:00+05:30,244.53165285666702,244.67634025479617,237.6104877462214,238.98507690429688,108430,0.0,0.0
2020-04-17 00:00:00+05:30,245.97857950804388,251.7663107905861,236.33236070380684,237.2728729248047,123626,0.0,0.0
2020-04-20 00:00:00+05:30,243.08471259190455,245.47215762101686,233.9208047759399,235.3436279296875,155504,0.0,0.0
2020-04-21 00:00:00+05:30,233.92080836486892,235.75358406859652,227.16845513371806,228.56715393066406,164284,0.0,0.0
2020-04-22 00:00:00+05:30,233.6796534240434,234.86132112976836,227.16845565061803,233.8243408203125,76746,0.0,0.0
2020-04-23 00:00:00+05:30,235.75356966594632,237.7069377055713,229.14591895337168,231.82273864746094,166432,0.0,0.0
2020-04-24 00:00:00+05:30,232.956172019049,233.92079384935565,225.5526965276535,225.86619567871094,109666,0.0,0.0
2020-04-27 00:00:00+05:30,227.65076047629157,229.17003697211857,224.37105201803132,226.17971801757812,103070,0.0,0.0
2020-04-28 00:00:00+05:30,228.61540703702954,230.54465097827028,223.88876526857496,228.3983612060547,835506,0.0,0.0
2020-04-29 00:00:00+05:30,230.5205112944486,230.54462095298888,225.7697457640728,228.3742218017578,146588,0.0,0.0
2020-04-30 00:00:00+05:30,231.19574782545743,238.26160002407963,226.68613767473164,228.85653686523438,645204,0.0,0.0
2020-05-04 00:00:00+05:30,226.68615064595267,229.5559067385236,221.8630410577409,223.6717071533203,133814,0.0,0.0
2020-05-05 00:00:00+05:30,226.68615383731714,231.19576430957542,222.8276661124266,225.50448608398438,212134,0.0,0.0
2020-05-06 00:00:00+05:30,232.32918230972584,248.39013049076755,227.81957214246037,243.3740997314453,1548102,0.0,0.0
2020-05-07 00:00:00+05:30,245.01397960263137,257.07175418937504,244.53166861916162,255.45602416992188,556438,0.0,0.0
2020-05-08 00:00:00+05:30,258.0363947236608,265.75337101446183,249.83710741468465,254.0091094970703,292394,0.0,0.0
2020-05-11 00:00:00+05:30,256.20362734928176,262.1601568486807,248.39018270476916,254.9254913330078,382558,0.0,0.0
2020-05-12 00:00:00+05:30,251.8145172460584,255.62478525426246,249.3547433517994,251.71807861328125,255966,0.0,0.0
2020-05-13 00:00:00+05:30,261.4125213030124,262.76298600518516,254.6601683542261,259.4109191894531,168114,0.0,0.0
2020-05-14 00:00:00+05:30,257.52991765034716,261.2678272227068,248.39011996970282,253.0926513671875,140958,0.0,0.0
2020-05-15 00:00:00+05:30,253.06855136972956,254.6601715543597,245.97857479682472,251.33221435546875,175452,0.0,0.0
2020-05-18 00:00:00+05:30,253.02031908854113,256.54121266424346,247.52199178018228,248.65541076660156,268096,0.0,0.0
2020-05-19 00:00:00+05:30,250.31941658678102,251.50108446018092,248.4625309556727,250.15061950683594,154644,0.0,0.0
2020-05-20 00:00:00+05:30,250.80166548930995,253.8161085841334,248.87242190862295,250.82577514648438,500998,0.0,0.0
2020-05-21 00:00:00+05:30,253.3097137936759,255.6248004383631,248.87244721923653,251.69395446777344,846080,0.0,0.0
2020-05-22 00:00:00+05:30,250.65698714633112,255.5283155880439,249.0412279264935,253.0926513671875,111376,0.0,0.0
2020-05-26 00:00:00+05:30,255.09428622242422,255.6248165192751,251.23579842590686,252.9962158203125,74330,0.0,0.0
2020-05-27 00:00:00+05:30,253.86435214937387,255.57657954113415,251.380468464714,253.7437744140625,1164482,0.0,0.0
2020-05-28 00:00:00+05:30,253.33383860711058,265.60865875942864,253.23737052491066,258.3016357421875,527172,0.0,0.0
2020-05-29 00:00:00+05:30,258.03639108769397,260.61674322339974,252.80332838940447,253.47854614257812,202230,0.0,0.0
2020-06-01 00:00:00+05:30,255.6247928690042,269.6118098373082,254.9254361330044,265.9462585449219,197616,0.0,0.0
2020-06-02 00:00:00+05:30,265.75331715537476,277.2323111739571,262.8594516328117,270.11822509765625,211286,0.0,0.0
2020-06-03 00:00:00+05:30,270.7211728867564,274.16970849630627,270.09417444081885,270.2147521972656,119928,0.0,0.0
2020-06-04 00:00:00+05:30,270.38353095998593,276.8465100427755,270.09415613929315,274.9413757324219,400878,0.0,0.0
2020-06-05 00:00:00+05:30,275.83361585187527,276.60530151773276,270.33525980939703,275.90594482421875,183506,0.0,0.0
2020-06-08 00:00:00+05:30,277.32881604605774,282.151925890337,276.70181765388674,280.4397277832031,149306,0.0,0.0
2020-06-09 00:00:00+05:30,277.59407643749864,282.0072336444725,276.36418933589266,280.6567687988281,74438,0.0,0.0
2020-06-10 00:00:00+05:30,280.70494693945983,284.44285645626536,280.22263603406554,283.7434997558594,94898,0.0,0.0
2020-06-11 00:00:00+05:30,286.32389114493367,286.32389114493367,282.3689356897048,284.6116638183594,379412,0.0,0.0
2020-06-12 00:00:00+05:30,276.36415302719035,283.21297387635605,276.05063915870977,282.24835205078125,57102,0.0,0.0
2020-06-15 00:00:00+05:30,281.1872784775474,288.4943010056068,280.72907719621713,285.50396728515625,121488,0.0,0.0
2020-06-16 00:00:00+05:30,288.90420734974924,289.2418308419154,277.8592767961021,279.4991455078125,115272,0.0,0.0
2020-06-17 00:00:00+05:30,275.9060399378899,287.45739587795435,275.9060399378899,286.2275085449219,49230,0.0,0.0
2020-06-18 00:00:00+05:30,286.2274846669871,286.97506087074527,279.74039547064245,282.00726318359375,53290,0.0,0.0
2020-06-19 00:00:00+05:30,282.20013325435025,296.54888443300047,276.00244914227136,290.15826416015625,368394,0.0,0.0
2020-06-22 00:00:00+05:30,291.315813208044,298.5504774433431,289.4347887316966,297.1517639160156,193882,0.0,0.0
2020-06-23 00:00:00+05:30,293.26916620352097,298.55047697458184,291.7981236989047,297.20001220703125,92752,0.0,0.0
2020-06-24 00:00:00+05:30,293.72741230471195,297.079479794133,290.27887672333577,295.2225646972656,142526,0.0,0.0
2020-06-25 00:00:00+05:30,296.5971047050683,300.0215004453139,291.79810518672696,294.0167236328125,94070,0.0,0.0
2020-06-26 00:00:00+05:30,294.20970687166823,306.50863724089373,292.2804628921819,302.5295715332031,343676,0.0,0.0
2020-06-29 00:00:00+05:30,306.2192412341216,306.846239596492,300.23857353630086,304.7723083496094,102976,0.0,0.0
2020-06-30 00:00:00+05:30,308.1725886560074,309.2336786379511,304.3382107001716,306.315673828125,129564,0.0,0.0
2020-07-01 00:00:00+05:30,307.71438320113595,311.57287076478656,304.0970511102135,307.8349609375,90578,0.0,0.0
2020-07-02 00:00:00+05:30,306.7497763912908,313.0198189904839,304.82053251461605,309.8365783691406,215258,0.0,0.0
2020-07-03 00:00:00+05:30,311.09055534333385,311.1387746620161,302.89126938854827,309.3301086425781,103038,0.0,0.0
2020-07-06 00:00:00+05:30,308.7271705351222,315.575990652992,308.2689987672338,314.1531677246094,180498,0.0,0.0
2020-07-07 00:00:00+05:30,314.7079187491866,328.936092853556,313.55036060620296,327.7544250488281,314558,0.0,0.0
2020-07-08 00:00:00+05:30,323.9200405264089,353.6786337085257,323.2207131597792,347.8185729980469,405620,0.0,0.0
2020-07-09 00:00:00+05:30,348.4937660419153,362.21551826040354,345.2622768356292,358.1158752441406,345982,0.0,0.0
2020-07-10 00:00:00+05:30,359.3216191569733,361.73317364795975,338.099939636293,352.9309997558594,263062,0.0,0.0
2020-07-13 00:00:00+05:30,352.0870331195727,354.0162771366663,337.6177029913711,349.5790100097656,191594,0.0,0.0
2020-07-14 00:00:00+05:30,348.22850583399315,358.3570357820733,343.4053963349074,355.2461242675781,188564,0.0,0.0
2020-07-15 00:00:00+05:30,360.2863022075465,375.2379425936696,357.29596824273665,368.7991027832031,615852,0.0,0.0
2020-07-16 00:00:00+05:30,371.37943127752334,385.8246501089547,359.6110323294036,364.5065002441406,482722,0.0,0.0
2020-07-17 00:00:00+05:30,362.1914689788532,368.41326351914194,354.1850883261299,363.4213562011719,401528,0.0,0.0
2020-07-20 00:00:00+05:30,365.5193624154574,369.45020865609405,362.21554399572665,364.94061279296875,117098,0.0,0.0
2020-07-21 00:00:00+05:30,363.5900924452157,367.496828744549,358.35703049114045,360.7685852050781,104360,0.0,0.0
2020-07-22 00:00:00+05:30,362.26380451678347,366.43580672056044,341.4762108037602,344.8041687011719,209932,0.0,0.0
2020-07-23 00:00:00+05:30,349.1931589859781,355.55966998214757,343.30895898288315,352.5693359375,132690,0.0,0.0
2020-07-24 00:00:00+05:30,352.5692851309259,373.79096576808143,349.6995292480896,371.9822998046875,581764,0.0,0.0
2020-07-27 00:00:00+05:30,407.07042666619304,443.43668271936104,407.07042666619304,412.7134704589844,3873654,0.0,0.0
2020-07-28 00:00:00+05:30,413.94337727944884,433.5734390426802,405.1170926873205,427.6892395019531,1798338,0.0,0.0
2020-07-29 00:00:00+05:30,426.8452138653892,430.70370167434186,415.293860099752,428.1956787109375,701316,0.0,0.0
2020-07-30 00:00:00+05:30,429.73904803026085,445.1729981278684,426.84518238695944,441.4591979980469,1127916,0.0,0.0
2020-07-31 00:00:00+05:30,445.6552467566139,448.54911199529323,431.06534284493904,442.8096008300781,588986,0.0,0.0
2020-08-03 00:00:00+05:30,441.79681935401186,474.3045883611249,437.93833184873665,470.6390075683594,806888,0.0,0.0
2020-08-04 00:00:00+05:30,472.6647622578595,481.8286709138792,450.9607680725496,459.57000732421875,323610,0.0,0.0
2020-08-05 00:00:00+05:30,462.9702562994091,469.5055632707719,452.45585486530405,455.83203125,207292,0.0,0.0
2020-08-06 00:00:00+05:30,458.1954041420938,470.2531779353068,448.52507544752183,464.8030700683594,341022,0.0,0.0
2020-08-07 00:00:00+05:30,465.4300578908007,485.59064932947035,463.04261284615956,482.4315185546875,453600,0.0,0.0
2020-08-10 00:00:00+05:30,458.3159788846471,494.3687222907269,448.5732918358206,475.5103759765625,619278,0.0,0.0
2020-08-11 00:00:00+05:30,481.32223450139577,481.32223450139577,461.93332777681974,470.807861328125,376614,0.0,0.0
2020-08-12 00:00:00+05:30,470.8078669908544,471.458975027743,464.3931075143053,467.8898620605469,231090,0.0,0.0
2020-08-13 00:00:00+05:30,463.500864201086,484.93959372419505,463.500864201086,481.4910583496094,308774,0.0,0.0
2020-08-14 00:00:00+05:30,485.7835775048058,485.7835775048058,471.41071759196035,476.1614685058594,232102,0.0,0.0
2020-08-17 00:00:00+05:30,481.3463454879841,481.8045467946208,472.7371064946567,476.0168151855469,101336,0.0,0.0
2020-08-18 00:00:00+05:30,481.3463197088815,484.69838664053106,474.76276358098033,482.40740966796875,197740,0.0,0.0
2020-08-19 00:00:00+05:30,483.78198752580494,487.61636542638655,482.79325597607607,483.5890808105469,250844,0.0,0.0
2020-08-20 00:00:00+05:30,482.3109765042123,492.92181798730496,480.8640435746996,484.8431091308594,150252,0.0,0.0
2020-08-21 00:00:00+05:30,486.9170205787467,506.4265046700492,485.253041890103,501.55517578125,332792,0.0,0.0
2020-08-24 00:00:00+05:30,506.42652339301156,544.0467794164924,504.20790468474576,525.7913208007812,907984,0.0,0.0
2020-08-25 00:00:00+05:30,532.4712148209553,536.7878736733796,493.86223452519016,500.855712890625,569360,0.0,0.0
2020-08-26 00:00:00+05:30,505.4618332643212,518.0019169140086,496.876675523044,507.60809326171875,259046,0.0,0.0
2020-08-27 00:00:00+05:30,511.24962739827293,516.5309089611507,504.0149628596181,506.23358154296875,145868,0.0,0.0
2020-08-28 00:00:00+05:30,511.2495800161478,511.2495800161478,487.134033788971,491.0889892578125,472594,0.0,0.0
2020-08-31 00:00:00+05:30,500.63876735290165,501.6033892553157,458.1954036466826,462.1744689941406,566412,0.0,0.0
2020-09-01 00:00:00+05:30,461.3304451914626,478.4524847150349,461.3304451914626,463.9107971191406,229282,0.0,0.0
2020-09-02 00:00:00+05:30,466.8770069124145,495.81566436566334,466.8770069124145,488.31573486328125,178408,0.0,0.0
2020-09-03 00:00:00+05:30,493.64522842191786,507.9698392478681,480.6469431928867,492.5359191894531,282792,0.0,0.0
2020-09-04 00:00:00+05:30,480.9605095009617,487.1340840849482,470.08440291714527,475.70330810546875,335770,0.0,0.0
2020-09-07 00:00:00+05:30,477.4878621818005,482.2627525787887,465.14071307631,473.1711730957031,111720,0.0,0.0
2020-09-08 00:00:00+05:30,475.55860244269644,494.3687297198416,475.0762914868722,479.1518249511719,190632,0.0,0.0
2020-09-09 00:00:00+05:30,478.9348077523032,478.9348077523032,463.0185452590242,473.9670104980469,131234,0.0,0.0
2020-09-10 00:00:00+05:30,474.1116678659778,484.11962016325043,474.1116678659778,476.5955810546875,70666,0.0,0.0
2020-09-11 00:00:00+05:30,479.27238933687613,493.8381856845279,478.21129937604144,487.6404724121094,229334,0.0,0.0
2020-09-14 00:00:00+05:30,494.80277461954984,572.9612223030426,494.80277461954984,556.635009765625,1529106,0.0,0.0
2020-09-15 00:00:00+05:30,563.3391042529169,598.0654873917953,550.027335824848,563.6284790039062,786544,0.0,0.0
2020-09-16 00:00:00+05:30,570.0915688993481,573.9500566753167,545.5419286495782,562.7845458984375,408368,0.0,0.0
2020-09-17 00:00:00+05:30,559.4807341949808,570.5738866833295,550.9679336624471,565.1478881835938,382758,0.0,0.0
2020-09-18 00:00:00+05:30,569.1268603770421,578.7730783495344,558.1542874333322,574.504638671875,377300,0.0,0.0
2020-09-21 00:00:00+05:30,572.5031623437417,580.2201384157719,551.0644617439748,559.818359375,442102,0.0,0.0
2020-09-22 00:00:00+05:30,562.4227505627865,576.3615478894235,526.8041009893078,568.1864013671875,359068,0.0,0.0
2020-09-23 00:00:00+05:30,568.1623995929428,599.9949279232776,552.2461354277756,591.0480346679688,715130,0.0,0.0
2020-09-24 00:00:00+05:30,586.007766216753,587.9370098915406,560.541726159218,569.5127563476562,288070,0.0,0.0
2020-09-25 00:00:00+05:30,571.0562117939146,593.2425173196917,569.6092788248422,588.2506103515625,271018,0.0,0.0
2020-09-28 00:00:00+05:30,590.8309005629093,638.5555444498765,590.8309005629093,614.7294311523438,1474208,0.0,0.0
2020-09-29 00:00:00+05:30,619.6490246048784,665.5891449346038,610.6056938313104,643.0169677734375,1652220,0.0,0.0
2020-09-30 00:00:00+05:30,655.1952605947644,668.4105918778845,641.4735381596576,646.8995361328125,355892,0.0,0.0
2020-10-01 00:00:00+05:30,647.2854609506243,653.507225364018,621.2165294672818,628.8129272460938,411964,0.0,0.0
2020-10-05 00:00:00+05:30,635.6857758597307,646.7065683170316,628.8128454302913,640.340087890625,609254,0.0,0.0
2020-10-06 00:00:00+05:30,642.0522621500985,646.1036855838337,622.6633870487251,625.509033203125,304708,0.0,0.0
2020-10-07 00:00:00+05:30,627.0525407269287,629.1505818733666,601.4418375279737,607.8324584960938,344432,0.0,0.0
2020-10-08 00:00:00+05:30,620.1795350365509,646.2484659284729,617.8403386598859,634.745361328125,1109752,0.0,0.0
2020-10-09 00:00:00+05:30,634.7211765793177,639.061974899389,627.0042017880797,628.7646484375,232226,0.0,0.0
2020-10-12 00:00:00+05:30,638.7967562340989,638.7967562340989,622.9528522586417,628.1376953125,306172,0.0,0.0
2020-10-13 00:00:00+05:30,632.0203126948701,657.872169150237,626.0155057374528,648.3706665039062,833156,0.0,0.0
2020-10-14 00:00:00+05:30,655.8946113696466,670.4121578324321,651.6020325407308,660.3318481445312,706582,0.0,0.0
2020-10-15 00:00:00+05:30,664.5281087385317,670.7016541144341,607.880647367619,622.3017578125,984854,0.0,0.0
2020-10-16 00:00:00+05:30,639.0620219862104,642.9205096661271,578.7731519875114,625.4608764648438,540018,0.0,0.0
2020-10-19 00:00:00+05:30,634.2147840518007,641.4735876731796,512.8894953328087,606.5060424804688,239628,0.0,0.0
2020-10-20 00:00:00+05:30,606.2648978300622,608.7970304582308,579.496638617995,582.34228515625,402346,0.0,0.0
2020-10-21 00:00:00+05:30,585.5014449704056,600.477225839888,568.1623871802313,582.4387817382812,241622,0.0,0.0
2020-10-22 00:00:00+05:30,582.2457314040914,593.2183050664617,564.3037883504663,568.8857421875,320274,0.0,0.0
2020-10-23 00:00:00+05:30,573.8535556968397,583.5962127225309,557.5514230638395,565.4371948242188,309788,0.0,0.0
2020-10-26 00:00:00+05:30,573.4677083798384,588.4193475386063,568.1622880331788,573.66064453125,615062,0.0,0.0
2020-10-27 00:00:00+05:30,578.7730445562048,578.8936222738207,564.5448738775315,570.6461181640625,356020,0.0,0.0
2020-10-28 00:00:00+05:30,570.6462767515804,573.9500953572474,555.6222771861756,559.818359375,206628,0.0,0.0
2020-10-29 00:00:00+05:30,552.3425121211094,575.3970005728609,549.3039882650542,564.9549560546875,232066,0.0,0.0
2020-10-30 00:00:00+05:30,559.4807589525163,574.311822174749,552.5354687903487,558.8296508789062,178390,0.0,0.0
2020-11-02 00:00:00+05:30,542.117560336892,553.9341797570466,532.0613878300128,544.4808959960938,235770,0.0,0.0
2020-11-03 00:00:00+05:30,547.5193940076792,551.739615029202,534.1594035813133,537.6320190429688,133004,0.0,0.0
2020-11-04 00:00:00+05:30,537.6319607711281,555.0675123625894,537.3185057727559,545.49365234375,121074,0.0,0.0
2020-11-05 00:00:00+05:30,554.6575898067109,557.9614080229986,548.0499533741354,553.4276733398438,99248,0.0,0.0
2020-11-06 00:00:00+05:30,557.0210098447226,565.3649551812598,544.0950509335139,552.5114135742188,98438,0.0,0.0
2020-11-09 00:00:00+05:30,563.3392253602466,564.3038473214799,553.0901170221427,559.69775390625,80082,0.0,0.0
2020-11-10 00:00:00+05:30,564.2073257018361,564.2073257018361,536.0162177051426,540.8152465820312,185212,0.0,0.0
2020-11-11 00:00:00+05:30,540.8153908907578,543.4439624996091,533.0019167434152,538.4761352539062,178266,0.0,0.0
2020-11-12 00:00:00+05:30,537.8008619509019,561.8440516413774,535.3893071399043,558.0579223632812,416732,0.0,0.0
2020-11-13 00:00:00+05:30,560.348942353092,569.1269789871279,544.119165456805,550.9197387695312,299306,0.0,0.0
2020-11-14 00:00:00+05:30,564.3037593488885,564.3037593488885,552.2459867132285,562.1815795898438,43320,0.0,0.0
2020-11-17 00:00:00+05:30,566.6188464093202,577.8084352954231,557.1896451377609,563.4838256835938,569648,0.0,0.0
2020-11-18 00:00:00+05:30,568.5481377796486,568.5481377796486,545.011341261555,549.4727172851562,245514,0.0,0.0
2020-11-19 00:00:00+05:30,550.7266835895407,554.5851707489028,544.0466894700633,546.8441162109375,179664,0.0,0.0
2020-11-20 00:00:00+05:30,552.1978062833905,559.4806896930181,548.7974906103484,552.535400390625,272976,0.0,0.0
2020-11-23 00:00:00+05:30,553.5965555034304,559.4807257933303,541.1529089138936,557.6238403320312,129266,0.0,0.0
2020-11-24 00:00:00+05:30,561.79581694195,595.1475719644083,560.9276336834162,585.1155395507812,381666,0.0,0.0
2020-11-25 00:00:00+05:30,596.8356444916684,602.0204870561773,569.9227295753533,581.763427734375,313134,0.0,0.0
2020-11-26 00:00:00+05:30,579.9307252919806,590.8309414987465,569.1751670514998,578.6043701171875,353830,0.0,0.0
2020-11-27 00:00:00+05:30,585.5254673139303,586.0559975602154,573.9500050276582,575.5657348632812,543580,0.0,0.0
2020-12-01 00:00:00+05:30,577.8085171547879,588.41935803743,561.7716780935218,582.4628295898438,574616,0.0,0.0
2020-12-02 00:00:00+05:30,595.1717645545743,595.1717645545743,578.7731908148211,584.1268310546875,212688,0.0,0.0
2020-12-03 00:00:00+05:30,590.3486557364779,598.0656316284579,581.7634965063086,594.6412353515625,341380,0.0,0.0
2020-12-04 00:00:00+05:30,597.5591514867359,599.3437373975299,584.4885360021258,587.9852905273438,497360,0.0,0.0
2020-12-07 00:00:00+05:30,588.4193756541089,592.0849272026858,582.9933773130361,588.3229370117188,174894,0.0,0.0
2020-12-08 00:00:00+05:30,590.8308977047163,590.8308977047163,572.9853930393494,579.1589965820312,194664,0.0,0.0
2020-12-09 00:00:00+05:30,571.5385022105144,583.596276518753,571.5385022105144,581.257080078125,294876,0.0,0.0
2020-12-10 00:00:00+05:30,584.5609467829543,598.0656551244746,579.7378366609827,596.2811279296875,187014,0.0,0.0
2020-12-11 00:00:00+05:30,596.2810528703452,638.9896522987684,596.1363360345605,633.8048095703125,612424,0.0,0.0
2020-12-14 00:00:00+05:30,636.6503931596889,648.2017157579688,613.5959084025085,619.2630615234375,237766,0.0,0.0
2020-12-15 00:00:00+05:30,619.2872979081316,637.6151151359423,607.3501011610706,629.6087646484375,279808,0.0,0.0
2020-12-16 00:00:00+05:30,629.6086394985745,639.0619210460499,621.9640237653804,629.705078125,144640,0.0,0.0
2020-12-17 00:00:00+05:30,634.817632914766,635.299943852667,620.251866140499,629.2710571289062,103370,0.0,0.0
2020-12-18 00:00:00+05:30,638.0974438254162,647.7436636867226,623.1699421403861,630.1151733398438,385912,0.0,0.0
2020-12-21 00:00:00+05:30,630.115107238145,646.2966629083153,621.4576493711673,631.7308959960938,516672,0.0,0.0
2020-12-22 00:00:00+05:30,627.0041501779552,674.7529277684304,602.8886059403416,664.1903076171875,355988,0.0,0.0
2020-12-23 00:00:00+05:30,672.8238277195843,708.4424823796046,671.8833448440809,701.4971923828125,1089322,0.0,0.0
2020-12-24 00:00:00+05:30,701.7623592984744,709.9616445961199,682.6628594391277,699.0855102539062,290488,0.0,0.0
2020-12-28 00:00:00+05:30,710.4440014812375,723.4663966204048,699.3749891632838,710.3716430664062,264724,0.0,0.0
2020-12-29 00:00:00+05:30,713.8201710729292,734.0048715676264,701.7623979129135,718.6674194335938,388666,0.0,0.0
2020-12-30 00:00:00+05:30,706.6096915543842,742.276563296969,706.6096915543842,739.0933227539062,573430,0.0,0.0
2020-12-31 00:00:00+05:30,738.4180932877381,747.099690726784,723.4664532538258,731.7380981445312,189944,0.0,0.0
2021-01-01 00:00:00+05:30,728.2894763012179,739.8649381762041,712.7590885026154,722.2847290039062,365382,0.0,0.0
2021-01-04 00:00:00+05:30,725.878009449164,735.5242288438372,717.7269422854949,733.0162353515625,373966,0.0,0.0
2021-01-05 00:00:00+05:30,739.8650194161442,759.6397689572536,729.2541781989635,747.7990112304688,668318,0.0,0.0
2021-01-06 00:00:00+05:30,761.7138399040184,771.215343727934,729.5677976976605,743.1689453125,298186,0.0,0.0
2021-01-07 00:00:00+05:30,752.3809046991837,752.3809046991837,728.7718084458012,733.2090454101562,522426,0.0,0.0
2021-01-08 00:00:00+05:30,739.3826954747108,762.0513104044638,735.6206464679441,757.6622924804688,381912,0.0,0.0
2021-01-11 00:00:00+05:30,769.2859350122978,795.3307252885763,758.8438915800651,777.8228149414062,649804,0.0,0.0
2021-01-12 00:00:00+05:30,786.1668116249326,787.469027578513,768.2007295801297,784.6957397460938,264224,0.0,0.0
2021-01-13 00:00:00+05:30,786.1668731082012,803.3371316904863,774.6878485885512,793.9320678710938,810750,0.0,0.0
2021-01-14 00:00:00+05:30,800.6361798965028,810.7647098831453,777.0993819010132,806.78564453125,406306,0.0,0.0
2021-01-15 00:00:00+05:30,819.9285838831968,819.9285838831968,776.1106475137846,785.7327270507812,453690,0.0,0.0
2021-01-18 00:00:00+05:30,785.7328003801186,788.2408527845122,747.8473084852025,768.0560913085938,254654,0.0,0.0
2021-01-19 00:00:00+05:30,771.4081640069239,781.3437580439173,750.2105619122595,761.207275390625,174526,0.0,0.0
2021-01-20 00:00:00+05:30,768.5624818594623,799.6715374477493,762.9917669595931,787.8549194335938,305752,0.0,0.0
2021-01-21 00:00:00+05:30,791.424063598864,795.6683647082672,758.1928267821605,770.6846923828125,239956,0.0,0.0
2021-01-22 00:00:00+05:30,765.1863885395268,770.226514853817,725.2751539655301,744.6881713867188,294128,0.0,0.0
2021-01-25 00:00:00+05:30,754.8166970295748,764.4629167999208,719.1256838792946,742.276611328125,160164,0.0,0.0
2021-01-27 00:00:00+05:30,737.9357569943988,740.877842028161,726.3844332375384,730.1464233398438,226288,0.0,0.0
2021-01-28 00:00:00+05:30,728.2895178871988,730.7010725821896,717.4133826624518,723.1046752929688,174180,0.0,0.0
2021-01-29 00:00:00+05:30,751.4404703709304,751.4404703709304,714.9054154090575,735.1624755859375,635876,0.0,0.0
2021-02-01 00:00:00+05:30,738.9246403348868,754.8167652934372,726.3362752954405,745.9663696289062,169816,0.0,0.0
2021-02-02 00:00:00+05:30,754.527289304061,772.4692337440524,753.9726199162866,758.2169799804688,205172,0.0,0.0
2021-02-03 00:00:00+05:30,762.0272100484742,824.3900433740148,741.6978493222057,799.4063110351562,513580,0.0,0.0
2021-02-04 00:00:00+05:30,807.8226606786523,838.7387822814229,786.1910253087266,817.0830078125,999738,0.0,0.0
2021-02-05 00:00:00+05:30,817.5170286470776,831.9863565877339,800.6361460496453,820.1697387695312,379726,0.0,0.0
2021-02-08 00:00:00+05:30,826.681052128821,858.5135780567686,820.507447792453,855.9814453125,386180,0.0,0.0
2021-02-09 00:00:00+05:30,865.1938329050606,874.5764724954394,822.0727153917666,830.239990234375,226314,7.0,0.0
2021-02-10 00:00:00+05:30,837.4348734158972,864.3673667921654,831.3094472523076,861.7178955078125,194298,0.0,0.0
2021-02-11 00:00:00+05:30,861.7179049832183,899.3698797237928,843.706176357104,856.3703002929688,561834,0.0,0.0
2021-02-12 00:00:00+05:30,861.9366002998414,875.791757157453,858.5579103475933,872.461669921875,144466,0.0,0.0
2021-02-15 00:00:00+05:30,877.007146598414,885.0771561451027,865.3396457567499,869.0100708007812,122186,0.0,0.0
2021-02-16 00:00:00+05:30,870.2011748767239,874.0174083837834,841.5428973523155,845.359130859375,99108,0.0,0.0
2021-02-17 00:00:00+05:30,848.0329065031226,854.1097301576337,824.0172875516988,830.9934692382812,187142,0.0,0.0
2021-02-18 00:00:00+05:30,832.7678884224231,844.605528674518,812.5685034682805,821.221923828125,213414,0.0,0.0
2021-02-19 00:00:00+05:30,817.6973587639435,826.180580514123,807.4882954262248,812.93310546875,226762,0.0,0.0
2021-02-22 00:00:00+05:30,807.9744371928443,816.4819899310362,792.903915199476,803.6720581054688,135046,0.0,0.0
2021-02-23 00:00:00+05:30,806.5160740014734,832.7436224111851,788.9418872832774,802.9915161132812,278676,0.0,0.0
2021-02-24 00:00:00+05:30,814.294352825423,820.5899182634067,792.9039340049342,808.217529296875,156922,0.0,0.0
2021-02-25 00:00:00+05:30,812.4956029560722,814.0269149462994,784.2748119273708,799.2723999023438,515242,0.0,0.0
2021-02-26 00:00:00+05:30,780.7502541181734,821.0517579336666,775.402649637912,805.324951171875,214522,0.0,0.0
2021-03-01 00:00:00+05:30,816.7250340474981,828.5626737138556,797.7896767873802,820.2009887695312,306616,0.0,0.0
2021-03-02 00:00:00+05:30,826.3750452846754,842.2477198096235,805.227699938806,830.5316162109375,391140,0.0,0.0
2021-03-03 00:00:00+05:30,840.5218339613584,840.5218339613584,818.1834561481421,822.3400268554688,376286,0.0,0.0
2021-03-04 00:00:00+05:30,815.7041977324452,824.6006318806935,807.5612541045674,821.6594848632812,400364,0.0,0.0
2021-03-05 00:00:00+05:30,821.0275313763254,821.0275313763254,811.6449506552564,818.5968017578125,156524,0.0,0.0
2021-03-08 00:00:00+05:30,818.1835558413117,834.9312584844276,816.74944916314,826.9098510742188,210252,0.0,0.0
2021-03-09 00:00:00+05:30,827.6633137118358,838.1154495384465,824.3088954614773,830.2885131835938,125194,0.0,0.0
2021-03-10 00:00:00+05:30,839.0877952557043,884.5424353810857,825.2326375704276,871.7567749023438,779992,0.0,0.0
2021-03-12 00:00:00+05:30,881.8199878210846,896.4529663465578,857.0751516643066,866.6279296875,321060,0.0,0.0
2021-03-15 00:00:00+05:30,865.3396471447498,871.465073227653,843.0012681934078,860.453857421875,139550,0.0,0.0
2021-03-16 00:00:00+05:30,860.4780724775937,933.3999430265424,851.72744801172,919.7392578125,664300,0.0,0.0
2021-03-17 00:00:00+05:30,923.1180993822966,928.5143068224966,879.9240494849396,887.9697875976562,239350,0.0,0.0
2021-03-18 00:00:00+05:30,899.3699081380713,921.7326193674504,881.5040464493826,898.713623046875,229258,0.0,0.0
2021-03-19 00:00:00+05:30,882.4763661683962,957.2213000884573,871.4165466777855,944.1925659179688,640582,0.0,0.0
2021-03-22 00:00:00+05:30,970.8333350739092,970.8333350739092,924.479336677659,954.6446533203125,270310,0.0,0.0
2021-03-23 00:00:00+05:30,955.398265873114,962.6661236136035,919.2047259957715,940.9354248046875,368678,0.0,0.0
2021-03-24 00:00:00+05:30,940.2062194961163,940.6923654213987,900.0262469027309,920.90625,280622,0.0,0.0
2021-03-25 00:00:00+05:30,928.5143484336629,935.8308680487278,856.127270582898,877.2988891601562,241726,0.0,0.0
2021-03-26 00:00:00+05:30,882.3304335102581,891.0810592743074,860.5997366004606,885.587646484375,248752,0.0,0.0
2021-03-30 00:00:00+05:30,888.4802036291815,943.1230127303985,886.0738052466623,934.6640625,281422,0.0,0.0
2021-03-31 00:00:00+05:30,930.9693154536103,941.1783784429188,917.478767932024,934.3966674804688,337782,0.0,0.0
2021-04-01 00:00:00+05:30,937.7754756508083,961.5966256284597,934.3238515024352,949.5645141601562,276310,0.0,0.0
2021-04-05 00:00:00+05:30,949.4428425468748,965.6801257628617,928.8788494084996,952.2625122070312,311204,0.0,0.0
2021-04-06 00:00:00+05:30,952.2625298086641,968.1351445875263,930.5075026763992,942.053466796875,267416,0.0,0.0
2021-04-07 00:00:00+05:30,940.6679704412436,955.6898903800809,926.6184016308559,953.8911743164062,542528,0.0,0.0
2021-04-08 00:00:00+05:30,963.9543002794444,983.7890749743178,960.259603636589,978.514404296875,568666,0.0,0.0
2021-04-09 00:00:00+05:30,977.1532021799395,1020.4201847640263,973.2883662372669,1009.7249755859375,611680,0.0,0.0
2021-04-12 00:00:00+05:30,993.6822050224888,993.6822050224888,954.7905335930371,983.4002075195312,384100,0.0,0.0
2021-04-13 00:00:00+05:30,984.4453879610786,999.0297640790205,932.6222500241207,945.2134399414062,273508,0.0,0.0
2021-04-15 00:00:00+05:30,938.3101469936524,956.7350876334377,916.8467946172264,950.6582641601562,502850,0.0,0.0
2021-04-16 00:00:00+05:30,950.6583433601452,966.919900591816,943.7550950569748,953.6724243164062,245626,0.0,0.0
2021-04-19 00:00:00+05:30,938.2615347911137,950.8769964565428,912.4958035248293,938.7476806640625,124922,0.0,0.0
2021-04-20 00:00:00+05:30,957.9990597898789,957.9990597898789,919.2775285576336,926.934326171875,133030,0.0,0.0
2021-04-22 00:00:00+05:30,923.6771378283285,933.7160617477318,903.0645414101009,910.818603515625,245450,0.0,0.0
2021-04-23 00:00:00+05:30,910.8186107672135,935.3203149326563,904.231310546875,911.5234985351562,85064,0.0,0.0
2021-04-26 00:00:00+05:30,912.4958112274292,943.8278892658673,905.4710270416131,940.9839477539062,121764,0.0,0.0
2021-04-27 00:00:00+05:30,949.4428841532329,974.0418533075574,932.1847057674471,948.7622680664062,317218,0.0,0.0
2021-04-28 00:00:00+05:30,962.5688609233866,964.9995903701629,935.8551680409081,953.2591552734375,96222,0.0,0.0
2021-04-29 00:00:00+05:30,967.4303175108264,979.5596336837342,936.3169806662571,973.5071411132812,515630,0.0,0.0
2021-04-30 00:00:00+05:30,996.5990156520452,1062.180044865381,983.2786071838029,990.9111328125,2095778,0.0,0.0
2021-05-03 00:00:00+05:30,972.2917075185709,1088.9667124207995,965.704407462542,1045.310791015625,1512680,0.0,0.0
2021-05-04 00:00:00+05:30,1069.5207260734046,1088.9665574565574,1051.4117955978436,1070.8819580078125,445716,0.0,0.0
2021-05-05 00:00:00+05:30,1071.07657173733,1115.6804559216182,1060.454355544909,1095.2623291015625,579514,0.0,0.0
2021-05-06 00:00:00+05:30,1093.828110053485,1100.391078713806,1060.867399266284,1070.15283203125,449704,0.0,0.0
2021-05-07 00:00:00+05:30,1073.896430738999,1102.579042515188,1061.524039735849,1098.057861328125,602316,0.0,0.0
2021-05-10 00:00:00+05:30,1108.4124228178612,1129.6569705176157,1094.0224596780326,1121.222412109375,574324,0.0,0.0
2021-05-11 00:00:00+05:30,1108.4127089537087,1138.0432793436273,1023.6289071124377,1122.389404296875,264870,0.0,0.0
2021-05-12 00:00:00+05:30,1126.8862565454415,1136.6091750661096,1056.5652958198968,1075.6221923828125,300886,0.0,0.0
2021-05-14 00:00:00+05:30,1083.133021685114,1121.5385462421716,1061.693940881244,1107.6590576171875,343398,0.0,0.0
2021-05-17 00:00:00+05:30,1122.9971517264391,1178.4177903830684,1098.6898540700226,1168.8892822265625,591850,0.0,0.0
2021-05-18 00:00:00+05:30,1175.0145229853895,1177.9313980941658,1123.7504666862362,1133.400390625,302770,0.0,0.0
2021-05-19 00:00:00+05:30,1134.178230718648,1187.289663082991,1133.1087336214407,1170.85791015625,352790,0.0,0.0
2021-05-20 00:00:00+05:30,1170.153093047955,1178.3203672895784,1122.753871372768,1134.0567626953125,212554,0.0,0.0
2021-05-21 00:00:00+05:30,1144.8735898840025,1170.5421170381028,1133.6922342290845,1161.499755859375,300198,0.0,0.0
2021-05-24 00:00:00+05:30,1161.9374823256264,1195.9190367482836,1144.679301104259,1180.92138671875,344528,0.0,0.0
2021-05-25 00:00:00+05:30,1191.1302347256208,1220.2261120029445,1183.7651724012628,1215.0487060546875,386170,0.0,0.0
2021-05-26 00:00:00+05:30,1220.2261310069273,1238.067660658959,1197.9849575035141,1222.6568603515625,314232,0.0,0.0
2021-05-27 00:00:00+05:30,1229.9490593480782,1248.4226025319624,1203.2353673500268,1229.0010986328125,438362,0.0,0.0
2021-05-28 00:00:00+05:30,1236.755063412337,1242.0783368226885,1195.9188113185335,1206.7598876953125,175588,0.0,0.0
2021-05-31 00:00:00+05:30,1221.6847043224109,1242.1028330854597,1195.2384135902214,1236.2447509765625,434682,0.0,0.0
2021-06-01 00:00:00+05:30,1236.2689454918707,1244.5334252690482,1206.1522326296895,1212.4964599609375,199968,0.0,0.0
2021-06-02 00:00:00+05:30,1219.9587299848968,1221.6845715613433,1196.5993971889998,1204.499267578125,261182,0.0,0.0
2021-06-03 00:00:00+05:30,1214.392461903468,1221.198504524224,1164.319434050763,1172.851318359375,269148,0.0,0.0
2021-06-04 00:00:00+05:30,1172.5838265539685,1200.7802867281519,1168.7433216950808,1197.0369873046875,230686,0.0,0.0
2021-06-07 00:00:00+05:30,1198.8357211904486,1210.5032221266085,1186.1959285096084,1196.502197265625,191766,0.0,0.0
2021-06-08 00:00:00+05:30,1197.3286147702038,1234.4458993895803,1192.0053412356417,1221.6845703125,257480,0.0,0.0
2021-06-09 00:00:00+05:30,1239.6718466944906,1242.1025758056562,1196.3076630888838,1209.5794677734375,196872,0.0,0.0
2021-06-10 00:00:00+05:30,1223.1428743689173,1231.5532207323336,1211.767109737484,1224.4554443359375,223344,0.0,0.0
2021-06-11 00:00:00+05:30,1231.4075888622472,1239.1130490036264,1205.641855656681,1225.209228515625,440100,0.0,0.0
2021-06-14 00:00:00+05:30,1220.2261921421425,1241.6166114466264,1205.641815343631,1227.2509765625,256578,0.0,0.0
2021-06-15 00:00:00+05:30,1228.3447439105773,1242.588841615039,1225.0875903246863,1235.8800048828125,232052,0.0,0.0
2021-06-16 00:00:00+05:30,1234.8105557290783,1257.659412468947,1220.8825235107045,1228.9039306640625,275836,0.0,0.0
2021-06-17 00:00:00+05:30,1227.4695607268227,1251.6311034682371,1221.5872673868384,1242.515869140625,266752,0.0,0.0
2021-06-18 00:00:00+05:30,1251.8259003406436,1257.6109900359563,1217.7956816906067,1234.810791015625,436562,0.0,0.0
2021-06-21 00:00:00+05:30,1215.3402682147491,1253.2839747407468,1212.9582010754098,1247.13427734375,120962,0.0,0.0
2021-06-22 00:00:00+05:30,1249.3948111052619,1280.508144922669,1241.8352195417237,1255.35009765625,194684,0.0,0.0
2021-06-23 00:00:00+05:30,1263.9548802847444,1273.3131879069795,1234.8104602845171,1244.80078125,174800,0.0,0.0
2021-06-24 00:00:00+05:30,1243.5612049093775,1265.9239161782716,1237.6059176692913,1251.8985595703125,180794,0.0,0.0
2021-06-25 00:00:00+05:30,1263.493227439243,1292.0299687846366,1256.6871846596548,1274.2127685546875,209290,0.0,0.0
2021-06-28 00:00:00+05:30,1289.7451786687454,1331.69959702342,1277.7130666551564,1313.6878662109375,454450,0.0,0.0
2021-06-29 00:00:00+05:30,1316.4344896689097,1385.4915413622327,1316.4344896689097,1367.285400390625,612878,0.0,0.0
2021-06-30 00:00:00+05:30,1383.0362212194789,1452.603736813117,1374.7231987577138,1428.709716796875,1428960,0.0,0.0
2021-07-01 00:00:00+05:30,1444.1449399515366,1466.264576593183,1422.948932969195,1439.1861572265625,607786,0.0,0.0
2021-07-02 00:00:00+05:30,1439.9640471990208,1456.9548213849969,1412.2537329889112,1424.164306640625,286220,0.0,0.0
2021-07-05 00:00:00+05:30,1438.5057181809811,1438.5057181809811,1406.3957577465808,1411.621826171875,172412,0.0,0.0
2021-07-06 00:00:00+05:30,1409.8230608979006,1446.2840021280188,1409.8230608979006,1416.4346923828125,151700,0.0,0.0
2021-07-07 00:00:00+05:30,1417.163941593365,1428.7827809726361,1350.0271462269516,1367.479736328125,495012,0.0,0.0
2021-07-08 00:00:00+05:30,1376.7166491946225,1400.1003165398,1354.0623194522839,1360.746826171875,270334,0.0,0.0
2021-07-09 00:00:00+05:30,1361.2085008898714,1379.0257003995487,1335.0052847229263,1349.103515625,390316,0.0,0.0
2021-07-12 00:00:00+05:30,1361.2083973500469,1374.8204813235473,1332.3070499367589,1348.6414794921875,198260,0.0,0.0
2021-07-13 00:00:00+05:30,1354.4148183435602,1361.4548284124553,1327.6432254894441,1342.307861328125,333574,3.0,0.0
2021-07-14 00:00:00+05:30,1342.3323807646848,1371.4181745394683,1342.3323807646848,1357.65478515625,578864,0.0,0.0
2021-07-15 00:00:00+05:30,1371.4180871609444,1402.160429066371,1368.3244411116125,1386.4482421875,649056,0.0,0.0
2021-07-16 00:00:00+05:30,1408.0067382882387,1410.4427361053465,1369.5179727779375,1384.4749755859375,290896,0.0,0.0
2021-07-19 00:00:00+05:30,1383.3058212384803,1386.448234808487,1360.7484564069593,1374.4144287109375,210786,0.0,0.0
2021-07-20 00:00:00+05:30,1374.4144441694275,1390.5894469685802,1356.8508749435039,1366.9114990234375,241522,0.0,0.0
2021-07-22 00:00:00+05:30,1373.9029311892184,1399.3834951559916,1370.5655662073552,1378.0928955078125,483150,0.0,0.0
2021-07-23 00:00:00+05:30,1490.8307665958837,1524.9347383807567,1425.058821010771,1480.672607421875,3675686,0.0,0.0
2021-07-26 00:00:00+05:30,1479.6008088241933,1606.784288828744,1448.761050201051,1583.5205078125,2066392,0.0,0.0
2021-07-27 00:00:00+05:30,1581.9371575443704,1581.9371575443704,1528.3451996355682,1541.0611572265625,707344,0.0,0.0
2021-07-28 00:00:00+05:30,1539.5508600558828,1550.2936358905708,1500.9890561866869,1509.344482421875,422818,0.0,0.0
2021-07-29 00:00:00+05:30,1522.498813303014,1548.7345604319394,1505.4468265940202,1521.5244140625,313408,0.0,0.0
2021-07-30 00:00:00+05:30,1533.2171048814378,1558.0642838928622,1504.9107612138673,1531.36572265625,304536,0.0,0.0
2021-08-02 00:00:00+05:30,1546.7857333913541,1555.1899266856133,1516.7741897595645,1528.418212890625,155992,0.0,0.0
2021-08-03 00:00:00+05:30,1541.4997251666005,1543.4241400357114,1478.7971526759557,1493.559326171875,245000,0.0,0.0
2021-08-04 00:00:00+05:30,1503.9852527452003,1518.8692251806217,1452.7805242265479,1490.173095703125,810660,0.0,0.0
2021-08-05 00:00:00+05:30,1502.0363430029377,1549.2703196855573,1488.5653218544476,1503.0107421875,915082,0.0,0.0
2021-08-06 00:00:00+05:30,1511.9995928074466,1532.242760217165,1511.4393608388718,1519.283203125,455188,0.0,0.0
2021-08-09 00:00:00+05:30,1529.075971889144,1539.112331406347,1517.8216133502037,1525.2027587890625,356204,0.0,0.0
2021-08-10 00:00:00+05:30,1530.293949579676,1556.6027280824785,1523.5949550534997,1539.8187255859375,602514,0.0,0.0
2021-08-11 00:00:00+05:30,1542.9611447269513,1552.144904833646,1503.0107772284953,1508.1507568359375,575418,0.0,0.0
2021-08-12 00:00:00+05:30,1515.7022889045145,1548.3202772494724,1509.6609426985292,1543.1802978515625,259504,0.0,0.0
2021-08-13 00:00:00+05:30,1550.9024559202603,1553.1922701706792,1510.8059064615045,1522.230712890625,287386,0.0,0.0
2021-08-16 00:00:00+05:30,1529.8068082772998,1539.5508006867094,1491.5372543002998,1517.115234375,353788,0.0,0.0
2021-08-17 00:00:00+05:30,1517.65109514334,1592.1682480813613,1517.65109514334,1564.8363037109375,1026918,0.0,0.0
2021-08-18 00:00:00+05:30,1577.5768164923127,1585.8348265928992,1559.0388464200544,1566.078857421875,414474,0.0,0.0
2021-08-20 00:00:00+05:30,1582.4242816835138,1582.4242816835138,1535.7505367783133,1550.1229248046875,433050,0.0,0.0
2021-08-23 00:00:00+05:30,1550.269102082897,1571.2186845434767,1540.525110240767,1566.0543212890625,447412,0.0,0.0
2021-08-24 00:00:00+05:30,1562.936400348716,1601.4007870358348,1554.1668070799265,1566.4442138671875,550334,0.0,0.0
2021-08-25 00:00:00+05:30,1575.6036165365,1595.5788015327885,1561.742810736657,1571.8765869140625,406620,0.0,0.0
2021-08-26 00:00:00+05:30,1577.065175219038,1580.6704048410184,1549.29479678608,1566.0301513671875,267792,0.0,0.0
2021-08-27 00:00:00+05:30,1566.0301858771686,1590.7067996784713,1555.3604425611961,1585.10400390625,405546,0.0,0.0
2021-08-30 00:00:00+05:30,1593.1426205525797,1626.0529758456971,1593.1426205525797,1619.134765625,726446,0.0,0.0
2021-08-31 00:00:00+05:30,1626.0529360499559,1636.4303105996323,1602.8865728868209,1618.5013427734375,405876,0.0,0.0
2021-09-01 00:00:00+05:30,1641.8624731022674,1688.146430059156,1612.63050028739,1623.8604736328125,597098,0.0,0.0
2021-09-02 00:00:00+05:30,1632.6059923734335,1663.7867693092437,1617.9900031847726,1648.1719970703125,293988,0.0,0.0
2021-09-03 00:00:00+05:30,1656.4786386270491,1688.1466126008015,1642.3498502387595,1676.6243896484375,822686,0.0,0.0
2021-09-06 00:00:00+05:30,1689.6081113281818,1729.558476128906,1673.8471576366424,1720.6427001953125,609896,0.0,0.0
2021-09-07 00:00:00+05:30,1729.5585022151242,1743.2000904016097,1701.3009266859758,1712.043701171875,404206,0.0,0.0
2021-09-08 00:00:00+05:30,1715.917146310017,1722.2507416825413,1681.8131712271945,1687.074951171875,338078,0.0,0.0
2021-09-09 00:00:00+05:30,1688.6094534158144,1717.378613986677,1688.1954051171601,1703.0062255859375,258832,0.0,0.0
2021-09-13 00:00:00+05:30,1708.0001602306845,1778.2787092182837,1708.0001602306845,1747.9261474609375,538688,0.0,0.0
2021-09-14 00:00:00+05:30,1759.2534814076882,1768.8026417405524,1739.3026803340772,1747.87744140625,344584,0.0,0.0
2021-09-15 00:00:00+05:30,1757.328978945318,1794.745932477361,1750.0209848548884,1780.0811767578125,594994,0.0,0.0
2021-09-16 00:00:00+05:30,1790.1662687312903,1806.0490242104474,1780.3980113286818,1800.3974609375,281598,0.0,0.0
2021-09-17 00:00:00+05:30,1811.408084849977,1831.2858520123061,1717.5247471676398,1723.712158203125,570960,0.0,0.0
2021-09-20 00:00:00+05:30,1726.5866023641463,1763.1753396373874,1710.0705836217824,1720.7159423828125,515502,0.0,0.0
2021-09-21 00:00:00+05:30,1720.7891859551858,1763.6627557071836,1714.9427900799135,1744.3453369140625,414466,0.0,0.0
2021-09-22 00:00:00+05:30,1756.3544546722612,1856.2303667964813,1753.9428405831814,1810.9451904296875,735746,0.0,0.0
2021-09-23 00:00:00+05:30,1826.9254952204726,1870.2374927362985,1817.741735043733,1837.7169189453125,349178,0.0,0.0
2021-09-24 00:00:00+05:30,1863.538552780065,1867.4361497531997,1815.037806656575,1829.1422119140625,493842,0.0,0.0
2021-09-27 00:00:00+05:30,1837.3760126252178,1850.847034994181,1746.6106965708589,1757.7188720703125,358474,0.0,0.0
2021-09-28 00:00:00+05:30,1773.0653662210498,1773.0653662210498,1676.1856870262823,1710.77685546875,715810,0.0,0.0
2021-09-29 00:00:00+05:30,1704.7115054443825,1741.7386773259982,1670.802363616814,1726.0264892578125,558432,0.0,0.0
2021-09-30 00:00:00+05:30,1769.0219243047793,1833.3566617001165,1769.0219243047793,1810.580078125,757602,0.0,0.0
2021-10-01 00:00:00+05:30,1807.6564994444689,1831.8215255607076,1756.354363457893,1774.98974609375,641992,0.0,0.0
2021-10-04 00:00:00+05:30,1788.0225030306422,1814.9646642631708,1778.2541274198654,1809.60546875,658814,0.0,0.0
2021-10-05 00:00:00+05:30,1808.9720419432033,1846.4864096323029,1753.9184893604988,1827.510009765625,713308,0.0,0.0
2021-10-06 00:00:00+05:30,1841.1271962586534,1847.923606549476,1802.9307971083224,1813.064453125,211844,0.0,0.0
2021-10-07 00:00:00+05:30,1839.129836515242,1862.0769866763917,1819.2034192175945,1857.1319580078125,550172,0.0,0.0
2021-10-08 00:00:00+05:30,1861.589702772099,1982.3908218258564,1861.589702772099,1954.888427734375,1577146,0.0,0.0
2021-10-11 00:00:00+05:30,1968.2620701069613,1973.1584500498325,1900.5900908425992,1923.244873046875,460282,0.0,0.0
2021-10-12 00:00:00+05:30,1924.4384100607483,1946.2893595859796,1887.9228240183854,1895.718017578125,387714,0.0,0.0
2021-10-13 00:00:00+05:30,1909.8223053276927,1962.1474913190473,1888.3855243495248,1949.9432373046875,484052,0.0,0.0
2021-10-14 00:00:00+05:30,1995.0826009114583,2090.0865342881943,1994.327417651982,2052.0849609375,1311418,0.0,0.0
2021-10-18 00:00:00+05:30,2070.5983163196756,2088.746501562713,1998.0055753475272,2011.403564453125,497360,0.0,0.0
2021-10-19 00:00:00+05:30,2021.0986006751618,2138.8060615735562,1998.0784215386357,2042.3162841796875,1417784,0.0,0.0
2021-10-20 00:00:00+05:30,2045.7509556921696,2087.162918358003,1929.89487635095,2058.564208984375,726160,0.0,0.0
2021-10-21 00:00:00+05:30,2058.5645209489803,2067.6509844467587,1943.9265420821205,1966.703125,862254,0.0,0.0
2021-10-22 00:00:00+05:30,1970.6737188587952,1992.6464695608925,1789.33804192154,1886.38818359375,1495080,0.0,0.0
2021-10-25 00:00:00+05:30,1903.0015904870672,1985.1677534147796,1789.630270162863,1929.1641845703125,1020768,0.0,0.0
2021-10-26 00:00:00+05:30,1929.164240147997,1987.7743760545302,1871.3336711827085,1914.4752197265625,738320,0.0,0.0
2021-10-27 00:00:00+05:30,1997.5182941468706,2029.1862671028575,1927.1909866272983,1967.3363037109375,1723522,0.0,0.0
2021-10-28 00:00:00+05:30,1975.5943292410013,1997.5183106999027,1927.848769619394,1943.195556640625,752792,0.0,0.0
2021-10-29 00:00:00+05:30,1947.8239531841352,1967.2875529392916,1900.5655931393976,1911.625,417422,0.0,0.0
2021-11-01 00:00:00+05:30,1926.5333920106584,1996.8363177126516,1880.687862311931,1973.5968017578125,445980,0.0,0.0
2021-11-02 00:00:00+05:30,1973.5968064413137,2010.404878850746,1967.3363629662717,1984.02294921875,342076,0.0,0.0
2021-11-03 00:00:00+05:30,1989.2358534748842,1989.2358534748842,1941.5877115203164,1950.2598876953125,133602,0.0,0.0
2021-11-04 00:00:00+05:30,1972.9148292387292,1983.3652371294415,1953.6460607907422,1972.841796875,53084,0.0,0.0
2021-11-08 00:00:00+05:30,1978.5176401873744,2007.2624175257283,1945.5342499796968,1999.5159912109375,609484,0.0,0.0
2021-11-09 00:00:00+05:30,2008.236648903797,2034.0582263884892,1992.8654785177357,2015.7152099609375,377424,0.0,0.0
2021-11-10 00:00:00+05:30,2012.8651564910656,2045.7511296395944,1997.518369021752,2023.9246826171875,255868,0.0,0.0
2021-11-11 00:00:00+05:30,2023.9246825838825,2030.9645741013044,1997.5183689888815,2012.4022216796875,179188,0.0,0.0
2021-11-12 00:00:00+05:30,2019.0769219917474,2036.4943075165602,2004.8263338350826,2020.3924560546875,406404,0.0,0.0
2021-11-15 00:00:00+05:30,2024.3143585902724,2082.6322464596233,2017.9807637258502,2073.448486328125,524832,0.0,0.0
2021-11-16 00:00:00+05:30,2075.4945153370404,2104.21502628377,2068.162256673907,2095.54296875,593044,0.0,0.0
2021-11-17 00:00:00+05:30,2094.958371464544,2114.7874912064426,2080.342382826419,2102.972900390625,360424,0.0,0.0
2021-11-18 00:00:00+05:30,2118.343901134037,2163.0932328241665,2000.1492283454816,2027.4569091796875,944192,0.0,0.0
2021-11-22 00:00:00+05:30,2027.4568740657694,2027.4568740657694,1926.898805085563,1998.663330078125,431778,0.0,0.0
2021-11-23 00:00:00+05:30,1987.1164255428696,2048.649872325066,1948.7982279636167,2035.39794921875,298572,0.0,0.0
2021-11-24 00:00:00+05:30,2034.9839137026358,2046.2140069522295,1983.1459250624082,2001.0262451171875,318870,0.0,0.0
2021-11-25 00:00:00+05:30,2014.083278845257,2014.083278845257,1968.3108972043276,1980.12548828125,458902,0.0,0.0
2021-11-26 00:00:00+05:30,1978.0304601505127,1997.518444979582,1893.9641418050721,1904.5120849609375,298778,0.0,0.0
2021-11-29 00:00:00+05:30,1851.3586017333635,1967.0685143416986,1826.9986201316087,1954.7667236328125,472990,0.0,0.0
2021-11-30 00:00:00+05:30,1974.3033677238063,2074.9831185609883,1963.4144089694255,2016.421630859375,983242,0.0,0.0
2021-12-01 00:00:00+05:30,2017.006402398189,2058.4183695971856,2002.3904139750139,2049.62451171875,348362,0.0,0.0
2021-12-02 00:00:00+05:30,2051.1345688517345,2158.342982940236,2046.5306753928642,2140.072998046875,980888,0.0,0.0
2021-12-03 00:00:00+05:30,2151.838954779723,2160.632812899999,2102.6075275765884,2112.619384765625,549884,0.0,0.0
2021-12-06 00:00:00+05:30,2112.6194578146296,2117.588989343185,2058.4427622066796,2066.067626953125,280808,0.0,0.0
2021-12-07 00:00:00+05:30,2078.8805351878514,2094.12978635261,2012.2802597738523,2034.7159423828125,410144,0.0,0.0
2021-12-08 00:00:00+05:30,2053.058977598759,2133.349371172607,2050.1845477283764,2088.551513671875,720126,0.0,0.0
2021-12-09 00:00:00+05:30,2107.7472941452957,2121.4864181821154,2085.701511987521,2113.544921875,440200,0.0,0.0
2021-12-10 00:00:00+05:30,2112.0833653953164,2123.654356262557,2090.0863503352602,2113.277099609375,237402,0.0,0.0
2021-12-13 00:00:00+05:30,2124.190141343757,2216.7580603472693,2123.702941770054,2150.01171875,1099526,0.0,0.0
2021-12-14 00:00:00+05:30,2167.0638514235416,2172.666646902717,2107.2843645026046,2147.527099609375,665102,0.0,0.0
2021-12-15 00:00:00+05:30,2153.4222850374044,2168.0382733973865,2112.010318017454,2135.615234375,393188,0.0,0.0
2021-12-16 00:00:00+05:30,2143.678234195016,2221.630169983926,2143.678234195016,2194.200927734375,766050,0.0,0.0
2021-12-17 00:00:00+05:30,2221.6304383855795,2315.221540177239,2217.269906294407,2260.679443359375,2636644,0.0,0.0
2021-12-20 00:00:00+05:30,2275.221892725902,2275.221892725902,2120.4385009275516,2152.228271484375,896152,0.0,0.0
2021-12-21 00:00:00+05:30,2192.3008040361074,2220.1444532552678,2136.3946463885864,2158.4404296875,1293550,0.0,0.0
2021-12-22 00:00:00+05:30,2166.576674599964,2231.1306231910357,2159.5122802258466,2211.69140625,626316,0.0,0.0
2021-12-23 00:00:00+05:30,2226.5024638179148,2279.1200275142683,2202.166745452167,2255.58837890625,541704,0.0,0.0
2021-12-24 00:00:00+05:30,2285.453912795051,2333.1019508026484,2242.3367370793485,2249.91259765625,730208,0.0,0.0
2021-12-27 00:00:00+05:30,2252.323583006707,2260.532943233213,2209.3769890442222,2252.104248046875,375820,0.0,0.0
2021-12-28 00:00:00+05:30,2265.4780167319145,2280.094003936637,2248.9374960557375,2264.065185546875,291444,0.0,0.0
2021-12-29 00:00:00+05:30,2263.0420896179007,2282.0186087548273,2249.132636516031,2264.62548828125,316224,0.0,0.0
2021-12-30 00:00:00+05:30,2271.275737398512,2367.7900244506022,2257.244484261642,2343.722412109375,977934,0.0,0.0
2021-12-31 00:00:00+05:30,2367.156846262718,2399.4580853314114,2339.045333538296,2389.3974609375,698628,0.0,0.0
2022-01-03 00:00:00+05:30,2406.765861623817,2429.907841062507,2338.801522009136,2373.68505859375,606706,0.0,0.0
2022-01-04 00:00:00+05:30,2377.534071755795,2389.689797053424,2345.890362263446,2356.19482421875,364328,0.0,0.0
2022-01-05 00:00:00+05:30,2356.6085811116936,2357.0227483236085,2276.025819941737,2279.58251953125,739942,0.0,0.0
2022-01-06 00:00:00+05:30,2241.6052275919537,2241.6052275919537,2193.421237567593,2209.035888671875,893358,0.0,0.0
2022-01-07 00:00:00+05:30,2221.1431210529454,2231.3255457779946,2197.4164038315603,2214.37109375,446256,0.0,0.0
2022-01-10 00:00:00+05:30,2226.01485591474,2239.46161174917,2170.4741044211355,2189.40185546875,688840,0.0,0.0
2022-01-11 00:00:00+05:30,2192.398179947332,2211.618299147708,2180.7541571919196,2188.476318359375,359116,0.0,0.0
2022-01-12 00:00:00+05:30,2210.91196546511,2210.91196546511,2180.218388156978,2185.333984375,557828,0.0,0.0
2022-01-13 00:00:00+05:30,2199.2190130501913,2213.2017368449415,2156.369712710641,2201.33837890625,475882,0.0,0.0
2022-01-14 00:00:00+05:30,2206.9899543201063,2206.9899543201063,2155.9800603241083,2165.8701171875,374448,0.0,0.0
2022-01-17 00:00:00+05:30,2150.961870660228,2159.195495945035,2108.9894367302586,2132.88671875,658630,0.0,0.0
2022-01-18 00:00:00+05:30,2120.3414210215137,2172.9102101416993,2099.4648706397124,2118.8310546875,546856,0.0,0.0
2022-01-19 00:00:00+05:30,2095.0315062925274,2107.8692645189653,2042.0485448880581,2079.002685546875,640300,0.0,0.0
2022-01-20 00:00:00+05:30,2080.3423786529106,2129.8419076528103,2037.9072441472658,2068.99072265625,775322,0.0,0.0
2022-01-21 00:00:00+05:30,2074.008885399544,2192.130534294301,2068.6496893132403,2095.738037109375,1894132,0.0,0.0
2022-01-24 00:00:00+05:30,2086.1888214014452,2123.3377932911835,1958.5425179901472,1981.0267333984375,1060836,0.0,0.0
2022-01-25 00:00:00+05:30,1978.0304592404348,2046.6525733663098,1851.3829416798358,2018.9794921875,934114,0.0,0.0
2022-01-27 00:00:00+05:30,2024.315645393582,2036.6034673868623,1955.1159693036907,1990.951904296875,1173746,10.0,0.0
2022-01-28 00:00:00+05:30,2007.2055084321057,2134.6141019856314,1996.3372488518346,2098.753662109375,918400,0.0,0.0
2022-01-31 00:00:00+05:30,2144.7969850512413,2173.0692100677625,2100.2224297986827,2154.123291015625,595884,0.0,0.0
2022-02-01 00:00:00+05:30,2183.937325949302,2223.616253032452,2150.7694815572227,2201.414794921875,685796,0.0,0.0
2022-02-02 00:00:00+05:30,2213.800948241845,2219.6756964459364,2150.6964090917177,2171.77197265625,469574,0.0,0.0
2022-02-03 00:00:00+05:30,2168.7611200318606,2168.7611200318606,2114.909263778248,2125.997802734375,257468,0.0,0.0
2022-02-04 00:00:00+05:30,2117.969096925462,2126.144883711823,2073.8104777498443,2103.2822265625,229210,0.0,0.0
2022-02-07 00:00:00+05:30,2108.5447928551075,2113.195634631779,2057.6303144578633,2072.17041015625,227136,0.0,0.0
2022-02-08 00:00:00+05:30,2074.275485792005,2092.3892910727,2026.7879422182914,2038.24365234375,252002,0.0,0.0
2022-02-09 00:00:00+05:30,2055.378355947049,2150.3534441541374,2041.9643964523932,2137.673828125,483280,0.0,0.0
2022-02-10 00:00:00+05:30,2154.07416652504,2181.5386599570534,2116.8184268815485,2160.4384765625,517078,0.0,0.0
2022-02-11 00:00:00+05:30,2107.565831134104,2124.25995439976,2038.9781008765283,2054.325927734375,481266,0.0,0.0
2022-02-14 00:00:00+05:30,1943.562291548199,2036.7749037672852,1910.2720558239478,1930.78466796875,811122,0.0,0.0
2022-02-15 00:00:00+05:30,1948.4577935632628,2043.922434202669,1934.799054326747,2035.5264892578125,756284,0.0,0.0
2022-02-16 00:00:00+05:30,2040.985385232317,2065.781669820237,1958.2493501869196,1968.3587646484375,465292,0.0,0.0
2022-02-17 00:00:00+05:30,1987.6229534482593,1987.6229534482593,1905.6457695805232,1915.706298828125,440096,0.0,0.0
2022-02-18 00:00:00+05:30,1894.6060944927508,1930.8827086069728,1879.6989464133603,1888.9271240234375,392320,0.0,0.0
2022-02-21 00:00:00+05:30,1872.5759591398137,1944.5171214303293,1820.5109562317705,1878.646484375,808276,0.0,0.0
2022-02-22 00:00:00+05:30,1810.8911365016531,1933.7222825690842,1787.416645673636,1922.5113525390625,650504,0.0,0.0
2022-02-23 00:00:00+05:30,1947.2585984280806,1965.0541167599633,1911.9611079163017,1938.495361328125,553572,0.0,0.0
2022-02-24 00:00:00+05:30,1862.784655993901,1918.3989842024348,1826.630430301992,1848.6363525390625,899934,0.0,0.0
2022-02-25 00:00:00+05:30,1884.8148438184423,1958.2491883827972,1860.3367289636574,1896.3929443359375,582678,0.0,0.0
2022-02-28 00:00:00+05:30,1884.8151064753313,1938.1040177490495,1836.8624966968193,1927.7987060546875,765496,0.0,0.0
2022-03-02 00:00:00+05:30,1916.146942270337,1947.9439914115212,1897.0540115732128,1902.34130859375,430388,0.0,0.0
2022-03-03 00:00:00+05:30,1942.09373407704,2013.6432197281033,1926.45224177178,2003.7052001953125,1009176,0.0,0.0
2022-03-04 00:00:00+05:30,1997.4141909123116,2036.5057885114115,1954.9446612403403,1993.5955810546875,815010,0.0,0.0
2022-03-07 00:00:00+05:30,1933.7957171315393,2046.66433689512,1933.7957171315393,2028.9910888671875,579128,0.0,0.0
2022-03-08 00:00:00+05:30,2031.6836024932174,2065.9529644629824,2013.0802345667735,2054.27685546875,657538,0.0,0.0
2022-03-09 00:00:00+05:30,2065.9531977987144,2102.6703754847103,2034.8659873579043,2075.2548828125,534890,0.0,0.0
2022-03-10 00:00:00+05:30,2093.9559210264024,2112.7304436002664,2046.3703708521107,2095.106201171875,356068,0.0,0.0
2022-03-11 00:00:00+05:30,2085.5357729192187,2139.9262020358683,2069.380214114915,2133.8310546875,343750,0.0,0.0
2022-03-14 00:00:00+05:30,2130.1104590519776,2201.904978746474,2124.456108752805,2190.8408203125,427208,0.0,0.0
2022-03-15 00:00:00+05:30,2227.5087651728136,2229.956577002674,2100.7364948867025,2118.287353515625,1011728,0.0,0.0
2022-03-16 00:00:00+05:30,2154.0740546356315,2186.091380275262,2133.5858251935188,2168.002197265625,428738,0.0,0.0
2022-03-17 00:00:00+05:30,2197.1554227909355,2203.0545524060676,2166.263996377373,2195.662353515625,1904464,0.0,0.0
2022-03-21 00:00:00+05:30,2182.126171205833,2272.5484330412114,2155.494027123781,2169.10400390625,1091848,0.0,0.0
2022-03-22 00:00:00+05:30,2169.7402913002334,2239.2581435936977,2136.5724427588098,2223.494140625,690616,0.0,0.0
2022-03-23 00:00:00+05:30,2231.4250506515164,2236.9570092401864,2174.1706418101608,2198.5263671875,508864,0.0,0.0
2022-03-24 00:00:00+05:30,2195.1974458988902,2276.464791130651,2179.2132839377286,2271.44677734375,674724,0.0,0.0
2022-03-25 00:00:00+05:30,2283.808142479397,2312.2027560407696,2256.8822158263706,2289.1689453125,566604,0.0,0.0
2022-03-28 00:00:00+05:30,2295.9983196337553,2298.42174878065,2230.959916398433,2267.383544921875,521584,0.0,0.0
2022-03-29 00:00:00+05:30,2273.5275389393523,2349.409702706708,2269.1214778173767,2329.337646484375,823534,0.0,0.0
2022-03-30 00:00:00+05:30,2337.439901468799,2369.4328499299572,2320.599003869203,2343.633056640625,631508,0.0,0.0
2022-03-31 00:00:00+05:30,2345.0034172413816,2386.616212745665,2318.07749073861,2332.9111328125,455058,0.0,0.0
2022-04-01 00:00:00+05:30,2344.9543824744105,2344.9543824744105,2288.7037227445444,2312.080322265625,738580,0.0,0.0
2022-04-04 00:00:00+05:30,2318.0777638970867,2355.920838532711,2318.0777638970867,2345.738037109375,452170,0.0,0.0
2022-04-05 00:00:00+05:30,2349.8992883333594,2425.2918905007214,2349.8992883333594,2406.541748046875,933252,0.0,0.0
2022-04-06 00:00:00+05:30,2398.3657509085597,2422.574702697341,2375.4053264337267,2386.469482421875,346008,0.0,0.0
2022-04-07 00:00:00+05:30,2386.469309867571,2392.3928221407136,2295.8756677443935,2303.8310546875,514130,0.0,0.0
2022-04-08 00:00:00+05:30,2335.2124804478644,2340.5976664614755,2283.857436181431,2306.279296875,630024,0.0,0.0
2022-04-11 00:00:00+05:30,2300.9428292219154,2301.432391526005,2197.180003252451,2210.569580078125,729670,0.0,0.0
2022-04-12 00:00:00+05:30,2210.8145737789177,2225.0118819624568,2120.392550946778,2145.62939453125,579970,0.0,0.0
2022-04-13 00:00:00+05:30,2168.760883553393,2185.307992871225,2106.8068731182752,2119.7802734375,410852,0.0,0.0
2022-04-18 00:00:00+05:30,2095.3266689346983,2119.2908394225124,2057.6303713861066,2063.676513671875,626892,0.0,0.0
2022-04-19 00:00:00+05:30,2090.186089174721,2130.819757145561,2019.370955393391,2043.457275390625,542548,0.0,0.0
2022-04-20 00:00:00+05:30,2048.8183662660044,2084.4096435389733,1930.3932855683156,1951.2730712890625,855724,0.0,0.0
2022-04-21 00:00:00+05:30,1975.383979182035,1987.1334749689913,1946.4998020391008,1964.0506591796875,539916,0.0,0.0
2022-04-22 00:00:00+05:30,1953.3537462802105,2026.7880976441284,1937.1981889801489,1971.663330078125,497956,0.0,0.0
2022-04-25 00:00:00+05:30,1958.2492034595123,1973.9151970871883,1933.7710884162684,1961.8475341796875,575436,0.0,0.0
2022-04-26 00:00:00+05:30,1973.4256089915293,2007.1564032714032,1965.2254405592275,1986.105224609375,506064,0.0,0.0
2022-04-27 00:00:00+05:30,1963.3162426256683,2019.5425213057865,1908.093590577745,1995.9210205078125,411838,0.0,0.0
2022-04-28 00:00:00+05:30,2100.222250050005,2158.9697255758792,1975.3838645575222,2109.3525390625,2572826,0.0,0.0
2022-04-29 00:00:00+05:30,2130.4527301976077,2151.3325143972756,2096.08536126237,2115.227294921875,746902,0.0,0.0
2022-05-02 00:00:00+05:30,2097.774394637418,2110.013451782327,2022.283794549985,2030.361572265625,385044,0.0,0.0
2022-05-04 00:00:00+05:30,2031.6591309668172,2076.307068607328,1999.9843550308426,2013.129150390625,323164,0.0,0.0
2022-05-05 00:00:00+05:30,2031.6834745007636,2048.0594284851563,2016.9966060103966,2033.6417236328125,370518,0.0,0.0
2022-05-06 00:00:00+05:30,1979.3005487422759,2002.285476795186,1902.8554368463974,1988.1126708984375,750036,0.0,0.0
2022-05-09 00:00:00+05:30,1958.2493621821047,2017.0212255469505,1911.2758795111727,1954.40625,433040,0.0,0.0
2022-05-10 00:00:00+05:30,1953.3535615015094,1997.4631721903488,1921.972570511677,1934.3585205078125,386650,0.0,0.0
2022-05-11 00:00:00+05:30,1950.856976144329,1955.2141528070445,1829.519018449853,1878.499755859375,543774,0.0,0.0
2022-05-12 00:00:00+05:30,1860.287782048187,1883.81127505037,1799.1659990921758,1811.8701171875,437888,0.0,0.0
2022-05-13 00:00:00+05:30,1823.6197750815647,1882.3672577687562,1746.3913134656946,1759.6094970703125,643568,0.0,0.0
2022-05-16 00:00:00+05:30,1774.614598670435,1808.8350802677805,1733.0753030207763,1763.746337890625,357324,0.0,0.0
2022-05-17 00:00:00+05:30,1779.656816806633,1835.8585917326163,1773.194618468143,1824.0845947265625,575696,0.0,0.0
2022-05-18 00:00:00+05:30,1840.2647829552354,1921.4831250086847,1832.4562877619774,1888.56005859375,1004054,0.0,0.0
2022-05-19 00:00:00+05:30,1831.4526051860007,1862.295030774538,1758.5323228775117,1770.4287109375,778290,0.0,0.0
2022-05-20 00:00:00+05:30,1803.5475787251767,1820.6822598477013,1773.1947150224184,1810.817626953125,410966,0.0,0.0
2022-05-23 00:00:00+05:30,1819.7032150712985,1888.633616345104,1806.5095339323489,1853.1158447265625,400812,0.0,0.0
2022-05-24 00:00:00+05:30,1860.3123126316752,1868.536983506126,1762.4243507230115,1771.1630859375,282016,0.0,0.0
2022-05-25 00:00:00+05:30,1769.792289097652,1784.4301546591246,1606.2539721716232,1670.9495849609375,1248284,0.0,0.0
2022-05-26 00:00:00+05:30,1684.0943827107085,1713.468121944035,1626.8400932261602,1686.6890869140625,682544,0.0,0.0
2022-05-27 00:00:00+05:30,1698.7814307307249,1773.4151904329112,1689.4797456633232,1736.0860595703125,650688,0.0,0.0
2022-05-30 00:00:00+05:30,1764.8721212209416,1858.3540200757936,1764.8721212209416,1839.603759765625,1035510,0.0,0.0
2022-05-31 00:00:00+05:30,1839.2856393440495,1859.3086904570207,1815.174695043359,1840.705322265625,420908,0.0,0.0
2022-06-01 00:00:00+05:30,1850.9861015694792,1873.1878002747271,1820.4619630645761,1830.546875,593814,0.0,0.0
2022-06-02 00:00:00+05:30,1818.7240504505505,1862.4419902917668,1807.4886189154347,1854.2418212890625,238306,0.0,0.0
2022-06-03 00:00:00+05:30,1873.5550022477805,1958.2492837708708,1854.7558569324005,1860.8018798828125,664400,0.0,0.0
2022-06-06 00:00:00+05:30,1840.754343181886,1854.9516506160016,1815.321604286217,1831.3792724609375,381498,0.0,0.0
2022-06-07 00:00:00+05:30,1823.619697195329,1833.4109438916798,1789.3748357792533,1812.286376953125,295228,0.0,0.0
2022-06-08 00:00:00+05:30,1791.7980766106564,1818.209939655193,1753.6122159615768,1769.3760986328125,467528,0.0,0.0
2022-06-09 00:00:00+05:30,1753.6121465589506,1779.0448839649093,1746.9540515158496,1763.01171875,383052,0.0,0.0
2022-06-10 00:00:00+05:30,1752.0212197848211,1752.0212197848211,1703.064985910289,1710.9224853515625,297024,0.0,0.0
2022-06-13 00:00:00+05:30,1655.6997841217906,1669.1627480671923,1619.9617343758146,1627.7457275390625,276310,0.0,0.0
2022-06-14 00:00:00+05:30,1615.555601589782,1668.820004116303,1604.3201706285897,1647.2547607421875,408054,0.0,0.0
2022-06-15 00:00:00+05:30,1664.462865723449,1676.6775410912667,1642.481565605095,1665.9560546875,227884,0.0,0.0
2022-06-16 00:00:00+05:30,1708.5726288970016,1708.5726288970016,1581.7269741692053,1590.5635986328125,529504,0.0,0.0
2022-06-17 00:00:00+05:30,1578.838432994533,1585.6433012224968,1520.5805187227968,1560.3819580078125,697180,0.0,0.0
2022-06-20 00:00:00+05:30,1575.2400137559816,1575.2400137559816,1518.6221841946772,1539.5999755859375,334672,0.0,0.0
2022-06-21 00:00:00+05:30,1565.791657514133,1638.07548456985,1542.1212720845867,1621.4793701171875,378986,0.0,0.0
2022-06-22 00:00:00+05:30,1600.8931822040934,1602.8269293353826,1547.2616097020393,1575.191162109375,319370,0.0,0.0
2022-06-23 00:00:00+05:30,1581.2863222241474,1666.9597297749913,1581.2863222241474,1648.650146484375,561620,0.0,0.0
2022-06-24 00:00:00+05:30,1672.295961889573,1686.8604416133726,1591.2000074715918,1596.4873046875,520784,0.0,0.0
2022-06-27 00:00:00+05:30,1644.4397978909294,1706.1246488984486,1627.794679365091,1692.44140625,1380306,0.0,0.0
2022-06-28 00:00:00+05:30,1664.5118223500542,1730.3824538124634,1646.5694118385404,1724.8748779296875,530098,0.0,0.0
2022-06-29 00:00:00+05:30,1701.2291804862648,1725.707298191103,1681.6956903666276,1714.2515869140625,440632,0.0,0.0
2022-06-30 00:00:00+05:30,1725.0461613191758,1737.946175813256,1657.6579581137141,1665.39306640625,387598,0.0,0.0
2022-07-01 00:00:00+05:30,1657.1685956771935,1675.4047936650738,1600.8934260592737,1622.40966796875,468006,0.0,0.0
2022-07-04 00:00:00+05:30,1627.7456975665466,1636.6068232999037,1559.2559773288046,1595.5325927734375,608628,0.0,0.0
2022-07-05 00:00:00+05:30,1600.379289661401,1642.5795394703005,1591.0776052002302,1593.0113525390625,480458,0.0,0.0
2022-07-06 00:00:00+05:30,1601.9947212699874,1651.9300753424407,1591.591522504893,1643.1424560546875,415560,0.0,0.0
2022-07-07 00:00:00+05:30,1658.1474843794972,1709.110966827791,1644.9293024845322,1655.6751708984375,593108,0.0,0.0
2022-07-08 00:00:00+05:30,1675.8697721040214,1693.5675223419405,1651.29376663252,1663.4349365234375,397520,0.0,0.0
2022-07-11 00:00:00+05:30,1635.5372038015807,1654.2009917128298,1586.4711356516264,1613.017822265625,494428,5.5,0.0
2022-07-12 00:00:00+05:30,1594.7717220460177,1654.2011579461002,1591.5546500875591,1635.66015625,447250,0.0,0.0
2022-07-13 00:00:00+05:30,1640.498130780488,1668.4446535514712,1624.854879338138,1629.9383544921875,293240,0.0,0.0
2022-07-14 00:00:00+05:30,1660.0949286984223,1660.0949286984223,1531.4375957063428,1558.033447265625,787096,0.0,0.0
2022-07-15 00:00:00+05:30,1570.508943234898,1586.6678090356233,1528.122467644807,1543.127197265625,555148,0.0,0.0
2022-07-18 00:00:00+05:30,1559.2858714247764,1600.174303205582,1554.1041903221583,1596.5888671875,928464,0.0,0.0
2022-07-19 00:00:00+05:30,1593.7649009304316,1641.4312636735583,1569.8458038649344,1634.5797119140625,800594,0.0,0.0
2022-07-20 00:00:00+05:30,1669.9180381334654,1738.6793691154317,1645.8515722897773,1726.1795654296875,1145378,0.0,0.0
2022-07-21 00:00:00+05:30,1726.40063760925,1773.0601143013919,1696.9314944352657,1749.9759521484375,1073492,0.0,0.0
2022-07-22 00:00:00+05:30,1819.7196477304985,1840.3480485954597,1764.9807365601705,1784.23388671875,2866724,0.0,0.0
2022-07-25 00:00:00+05:30,1780.4272151181096,1806.9002780215635,1758.3253600338846,1771.365478515625,1116260,0.0,0.0
2022-07-26 00:00:00+05:30,1772.9617138032445,1772.9617138032445,1631.608048530671,1637.477294921875,1396274,0.0,0.0
2022-07-27 00:00:00+05:30,1640.4489745495123,1671.366993366232,1616.5052956545157,1661.740478515625,1082964,0.0,0.0
2022-07-28 00:00:00+05:30,1689.5642232423008,1735.2413955567004,1669.9181276232043,1729.0037841796875,1028366,0.0,0.0
2022-07-29 00:00:00+05:30,1748.5023407687852,1800.3680761444496,1743.5908173396592,1784.2828369140625,1073404,0.0,0.0
2022-08-01 00:00:00+05:30,1800.540019851653,1804.076292959199,1771.1200406398116,1795.2601318359375,732490,0.0,0.0
2022-08-02 00:00:00+05:30,1792.706166279737,1807.4407375094336,1773.0600713068084,1779.7152099609375,621558,0.0,0.0
2022-08-03 00:00:00+05:30,1768.1485195705418,1835.4118121871552,1753.9787258315519,1827.9954833984375,1156380,0.0,0.0
2022-08-04 00:00:00+05:30,1853.6091879243224,1888.5792153943678,1812.8681196598652,1851.22705078125,1549230,0.0,0.0
2022-08-05 00:00:00+05:30,1868.6628112822261,1885.4847799072472,1847.715210724948,1862.6707763671875,721922,0.0,0.0
2022-08-08 00:00:00+05:30,1865.3967379976818,1880.8188747553113,1844.1298159757953,1848.4765625,304722,0.0,0.0
2022-08-10 00:00:00+05:30,1839.9060468319171,1858.5206747593002,1775.540501066778,1789.464599609375,634870,0.0,0.0
2022-08-11 00:00:00+05:30,1829.812836607902,1880.3769518965178,1821.7824469529276,1832.636962890625,639364,0.0,0.0
2022-08-12 00:00:00+05:30,1840.3478350927535,1840.3478350927535,1802.5536861603669,1828.756591796875,411016,0.0,0.0
2022-08-16 00:00:00+05:30,1855.0825028260247,1855.0825028260247,1820.6526737001298,1830.991455078125,256668,0.0,0.0
2022-08-17 00:00:00+05:30,1846.6345691546046,1898.3037707037429,1830.991319354309,1864.831787109375,673458,0.0,0.0
2022-08-18 00:00:00+05:30,1860.976270895975,1912.3262735325957,1844.252509245938,1882.8817138671875,630438,0.0,0.0
2022-08-19 00:00:00+05:30,1887.498702883314,1926.7908955012335,1837.7449399988222,1848.55029296875,789088,0.0,0.0
2022-08-22 00:00:00+05:30,1836.4187844495198,1836.4187844495198,1803.0940468558658,1813.776611328125,333168,0.0,0.0
2022-08-23 00:00:00+05:30,1768.1485169393038,1815.2745624573454,1752.3088531417227,1779.862548828125,627624,0.0,0.0
2022-08-24 00:00:00+05:30,1792.3378552389427,1813.5310328564167,1759.332438686073,1772.37255859375,512958,0.0,0.0
2022-08-25 00:00:00+05:30,1787.3526239296245,1804.2482173640078,1728.880910747307,1739.7598876953125,449038,0.0,0.0
2022-08-26 00:00:00+05:30,1760.2899835623778,1776.9891630939403,1721.5135303674585,1731.5821533203125,386244,0.0,0.0
2022-08-29 00:00:00+05:30,1660.1195149219475,1705.2317860603223,1647.8897495320953,1683.10546875,717854,0.0,0.0
2022-08-30 00:00:00+05:30,1698.9698234743894,1737.6726576466187,1684.8491915839377,1727.849609375,429608,0.0,0.0
2022-09-01 00:00:00+05:30,1723.3554146540878,1723.3554146540878,1665.0064906458656,1669.8934326171875,885148,0.0,0.0
2022-09-02 00:00:00+05:30,1686.6171892534792,1690.7674026765535,1666.1361600055134,1677.01513671875,865858,0.0,0.0
2022-09-05 00:00:00+05:30,1684.1124335897296,1691.5288828695489,1663.066624981016,1671.0478515625,388334,0.0,0.0
2022-09-06 00:00:00+05:30,1678.758659265733,1684.0631283970108,1639.7120491394528,1646.170654296875,694820,0.0,0.0
2022-09-07 00:00:00+05:30,1642.9046640565837,1645.3604258862647,1610.5131895051406,1621.416748046875,1222434,0.0,0.0
2022-09-08 00:00:00+05:30,1648.6266135188623,1667.2659425524744,1606.068307106576,1610.537841796875,626792,0.0,0.0
2022-09-09 00:00:00+05:30,1630.6258720207397,1673.3069651044127,1612.9689682620826,1666.602783203125,660206,0.0,0.0
2022-09-12 00:00:00+05:30,1686.3716096137143,1708.4734655719544,1672.8649198614567,1680.6741943359375,668514,0.0,0.0
2022-09-13 00:00:00+05:30,1698.4048524885372,1704.2740991794897,1662.550730385685,1669.50048828125,360970,0.0,0.0
2022-09-14 00:00:00+05:30,1598.7008485112735,1637.5264645285947,1596.220505240445,1620.9500732421875,721168,0.0,0.0
2022-09-15 00:00:00+05:30,1630.6257113483678,1639.564659639375,1589.1233400806154,1594.6488037109375,479236,0.0,0.0
2022-09-16 00:00:00+05:30,1591.3336606974462,1603.1213174433533,1547.1299479002948,1552.581787109375,685194,0.0,0.0
2022-09-19 00:00:00+05:30,1562.3556349323476,1573.8240903392834,1535.0966793401612,1553.514892578125,284028,0.0,0.0
2022-09-20 00:00:00+05:30,1571.6877324515958,1596.245353271152,1558.0336712938708,1561.962890625,614688,0.0,0.0
2022-09-21 00:00:00+05:30,1560.8822607068605,1587.1834945884862,1537.8472620922464,1561.3734130859375,496806,0.0,0.0
2022-09-22 00:00:00+05:30,1548.3577477450815,1580.2090248737347,1535.0966346002385,1571.9576416015625,597272,0.0,0.0
2022-09-23 00:00:00+05:30,1581.0195243476762,1601.1567720948817,1539.7627240851086,1546.147705078125,396770,0.0,0.0
2022-09-26 00:00:00+05:30,1541.2361559757908,1588.9761429436605,1518.6677282793548,1560.268310546875,745440,0.0,0.0
2022-09-27 00:00:00+05:30,1566.7514847762084,1583.966399393527,1539.811849123369,1559.7525634765625,483214,0.0,0.0
2022-09-28 00:00:00+05:30,1552.0415526248414,1587.4781496043745,1537.798133312778,1572.7191162109375,397368,0.0,0.0
2022-09-29 00:00:00+05:30,1591.3335367081124,1620.8026762767813,1553.2200682352066,1583.2786865234375,1265180,0.0,0.0
2022-09-30 00:00:00+05:30,1581.5106890615402,1617.8559657666813,1558.1317874330518,1591.923095703125,772468,0.0,0.0
2022-10-03 00:00:00+05:30,1586.4221806217051,1591.9230632721517,1559.801745721496,1571.368408203125,331678,0.0,0.0
2022-10-04 00:00:00+05:30,1593.7895073553018,1633.0816985998085,1588.1166732623258,1620.2625732421875,842674,0.0,0.0
2022-10-06 00:00:00+05:30,1656.1658560600063,1753.6350236957226,1641.873273572968,1744.941650390625,2552516,0.0,0.0
2022-10-07 00:00:00+05:30,1736.223515368912,1744.916887772163,1708.2278320942225,1713.7532958984375,1145932,0.0,0.0
2022-10-10 00:00:00+05:30,1693.4933677710117,1760.2900899336732,1682.6880156564634,1750.0740966796875,753296,0.0,0.0
2022-10-11 00:00:00+05:30,1763.2369022986677,1787.5489431520894,1727.57919441622,1739.6124267578125,891044,0.0,0.0
2022-10-12 00:00:00+05:30,1743.5909329553424,1780.1817849286306,1738.6794092005387,1766.8470458984375,515200,0.0,0.0
2022-10-13 00:00:00+05:30,1768.1484106230698,1779.3221262735349,1720.2610578353615,1727.2108154296875,393694,0.0,0.0
2022-10-14 00:00:00+05:30,1758.3254559145903,1809.405301561271,1750.9581704847806,1791.4290771484375,1070830,0.0,0.0
2022-10-17 00:00:00+05:30,1780.4273125456252,1802.504587239142,1765.6927416831786,1782.219970703125,426170,0.0,0.0
2022-10-18 00:00:00+05:30,1801.5469115373137,1828.5602921628733,1787.7946450370289,1812.3031005859375,631754,0.0,0.0
2022-10-19 00:00:00+05:30,1817.7549016268376,1831.482586237188,1795.1127296516622,1798.8701171875,451524,0.0,0.0
2022-10-20 00:00:00+05:30,1787.3034238571215,1825.6133076331191,1760.7811966275847,1820.50537109375,679766,0.0,0.0
2022-10-21 00:00:00+05:30,1822.1751869683505,1831.9982337983686,1788.3102570039111,1800.4171142578125,476266,0.0,0.0
2022-10-24 00:00:00+05:30,1824.6310597638867,1846.7329164770429,1808.1282921206314,1821.1929931640625,147124,0.0,0.0
2022-10-25 00:00:00+05:30,1829.5425597359688,1892.8766332245111,1819.9896702181884,1880.769775390625,927534,0.0,0.0
2022-10-27 00:00:00+05:30,1884.0604518093107,1898.3038702406116,1833.4717587602076,1851.128662109375,479344,0.0,0.0
2022-10-28 00:00:00+05:30,1846.7328530563993,1846.7328530563993,1774.2878807622985,1778.708251953125,412866,0.0,0.0
2022-10-31 00:00:00+05:30,1796.144274312239,1828.904114452865,1793.442936191179,1813.850341796875,302968,0.0,0.0
2022-11-01 00:00:00+05:30,1825.122180171116,1855.6718331553327,1818.2706286920811,1848.9676513671875,319800,0.0,0.0
2022-11-02 00:00:00+05:30,1851.644438975353,1857.5136858277217,1827.0868204213034,1842.680908203125,438192,0.0,0.0
2022-11-03 00:00:00+05:30,1817.263765094513,1861.4674782995146,1803.511498764068,1844.4490966796875,363140,0.0,0.0
2022-11-04 00:00:00+05:30,1846.7328636940747,1852.9214313609766,1800.5645421017227,1816.2568359375,400052,0.0,0.0
2022-11-07 00:00:00+05:30,1827.5780186254392,1845.9470698004393,1817.3374434674827,1833.447265625,301044,0.0,0.0
2022-11-09 00:00:00+05:30,1841.821323601392,1853.5107735838972,1817.2637059533733,1822.6663818359375,321698,0.0,0.0
2022-11-10 00:00:00+05:30,1816.5024341446915,1820.5790227423097,1788.850532107637,1799.8524169921875,249200,0.0,0.0
2022-11-11 00:00:00+05:30,1841.8212627931346,1895.5532804689242,1808.693061661743,1840.789794921875,1303250,0.0,0.0
2022-11-14 00:00:00+05:30,1841.821445144662,1889.4632265257371,1840.7899771712807,1883.47119140625,429222,0.0,0.0
2022-11-15 00:00:00+05:30,1883.4710630620646,1893.3923165884692,1844.277081398107,1875.63720703125,314310,0.0,0.0
2022-11-16 00:00:00+05:30,1875.637343711771,1919.69368890593,1853.6091111595663,1872.493896484375,822628,0.0,0.0
2022-11-17 00:00:00+05:30,1861.4674728740188,1868.7365518952595,1831.6791297484579,1854.6405029296875,368452,0.0,0.0
2022-11-18 00:00:00+05:30,1851.644482276818,1885.8041544663886,1801.0557868724381,1834.233154296875,530532,0.0,0.0
2022-11-21 00:00:00+05:30,1831.9984045529152,1831.9984045529152,1776.891130682194,1797.322998046875,525540,0.0,0.0
2022-11-22 00:00:00+05:30,1793.1973289026162,1828.0445660779592,1780.869356272547,1823.206787109375,370536,0.0,0.0
2022-11-23 00:00:00+05:30,1839.3657017664625,1847.4451346052556,1814.3169298598966,1834.2822265625,366504,0.0,0.0
2022-11-24 00:00:00+05:30,1841.8214053239772,1915.4942615369362,1835.4855876537617,1909.747802734375,791764,0.0,0.0
2022-11-25 00:00:00+05:30,1909.747752416125,1954.2952476504354,1904.8116471978642,1950.267822265625,962526,0.0,0.0
2022-11-28 00:00:00+05:30,1950.2677279764089,2004.8102191007388,1940.0763169615295,1978.3370361328125,924392,0.0,0.0
2022-11-29 00:00:00+05:30,1978.3616016278502,1990.7877796618304,1953.8285665231772,1981.6768798828125,512568,0.0,0.0
2022-11-30 00:00:00+05:30,1983.1993814062148,2049.0874151146118,1980.5962502093778,2040.590576171875,827680,0.0,0.0
2022-12-01 00:00:00+05:30,2053.5077444170174,2173.299741146375,2053.016592122251,2123.693359375,2769282,0.0,0.0
2022-12-02 00:00:00+05:30,2126.689614377769,2160.087973217882,2118.2663997814534,2134.1796875,982160,0.0,0.0
2022-12-05 00:00:00+05:30,2117.013973527136,2125.658303240165,2071.312341231586,2094.12646484375,609856,0.0,0.0
2022-12-06 00:00:00+05:30,2078.0655245550515,2083.0998359771,2026.003377166057,2030.988525390625,473026,0.0,0.0
2022-12-07 00:00:00+05:30,2026.003629821327,2027.9437777102064,1977.379542705615,1993.3665771484375,523064,0.0,0.0
2022-12-08 00:00:00+05:30,1993.5874629204889,2023.0321433281347,1972.4679110836864,2014.7806396484375,411472,0.0,0.0
2022-12-09 00:00:00+05:30,2022.5654653108127,2035.8021176474917,1934.1826200644307,1942.8023681640625,653876,0.0,0.0
2022-12-12 00:00:00+05:30,1933.666859459469,1998.0078192230428,1911.073850687527,1990.4931640625,621958,0.0,0.0
2022-12-13 00:00:00+05:30,1994.1278507368281,2011.2690210473438,1960.1891728937605,2003.705322265625,658028,0.0,0.0
2022-12-14 00:00:00+05:30,2019.1765763092362,2070.2072600945617,2014.3631391431722,2061.46484375,1009334,0.0,0.0
2022-12-15 00:00:00+05:30,2065.295690529759,2075.11873780933,2009.918261491179,2015.4437255859375,383550,0.0,0.0
2022-12-16 00:00:00+05:30,1999.9724708973504,1999.9724708973504,1941.3533869800099,1949.0645751953125,809202,0.0,0.0
2022-12-19 00:00:00+05:30,1955.2774381551726,1958.150727268026,1901.2752631105532,1945.6263427734375,529792,0.0,0.0
2022-12-20 00:00:00+05:30,1923.3527311618036,1938.0873026467,1893.7608000963035,1921.486328125,519398,0.0,0.0
2022-12-21 00:00:00+05:30,1938.087279666656,1955.4249825570262,1901.2754329920874,1919.865478515625,537116,0.0,0.0
2022-12-22 00:00:00+05:30,1939.5606728682171,1947.8856814020244,1906.6043014932666,1914.2171630859375,425634,0.0,0.0
2022-12-23 00:00:00+05:30,1890.9364860636701,1900.7595327445204,1858.5450136156142,1883.25,451580,0.0,0.0
2022-12-26 00:00:00+05:30,1876.2018959130742,1890.1997372831063,1861.4427444513967,1871.6341552734375,331096,0.0,0.0
2022-12-27 00:00:00+05:30,1895.3570211370752,1929.2219535186953,1877.1843832044315,1923.328125,332446,0.0,0.0
2022-12-28 00:00:00+05:30,1920.8970705782126,1920.8970705782126,1881.6048778790928,1895.8974609375,315666,0.0,0.0
2022-12-29 00:00:00+05:30,1884.6989683462314,1902.576866222922,1868.8347231922746,1879.934814453125,552474,0.0,0.0
2022-12-30 00:00:00+05:30,1913.038603061985,1938.996055434771,1895.8482690164985,1901.2017822265625,529376,0.0,0.0
2023-01-02 00:00:00+05:30,1910.0668611415724,1986.7112074788936,1890.936501555931,1978.3370361328125,891868,0.0,0.0
2023-01-03 00:00:00+05:30,1979.3440990011393,2009.4763455939537,1974.457156783422,1988.6268310546875,789378,0.0,0.0
2023-01-04 00:00:00+05:30,1984.2555054598654,1998.4497604927462,1910.7790655114131,1929.7130126953125,798508,0.0,0.0
2023-01-05 00:00:00+05:30,1936.1227267279514,1947.7384328194357,1906.653583246552,1929.958740234375,450812,0.0,0.0
2023-01-06 00:00:00+05:30,1927.77291251489,1935.115615932103,1886.0249640910006,1891.86962890625,603274,0.0,0.0
2023-01-09 00:00:00+05:30,1914.9784942591484,1966.574074311739,1903.2154190704268,1962.080078125,592108,0.0,0.0
2023-01-10 00:00:00+05:30,1964.6095592039308,1964.6095592039308,1918.6622291559986,1946.486083984375,346374,0.0,0.0
2023-01-11 00:00:00+05:30,1940.0518919693966,1981.701637581574,1919.0305462211975,1928.4852294921875,502230,0.0,0.0
2023-01-12 00:00:00+05:30,1938.1365456286503,1968.7598260124903,1932.1935535876773,1953.9024658203125,433806,0.0,0.0
2023-01-13 00:00:00+05:30,1981.7752022696236,2006.1118258280665,1917.9499767067202,1967.5072021484375,1192844,0.0,0.0
2023-01-16 00:00:00+05:30,1977.133931007872,2000.9056585401775,1946.1421674689122,1951.9132080078125,482024,0.0,0.0
2023-01-17 00:00:00+05:30,1961.6870685850622,1972.8116213546214,1946.4367641270749,1953.16552734375,404432,0.0,0.0
2023-01-18 00:00:00+05:30,1958.7402286859674,1973.401054950828,1919.1532997903018,1944.7669677734375,556714,0.0,0.0
2023-01-19 00:00:00+05:30,1940.0518376353434,2101.1498130136706,1925.317266716594,2091.400390625,4324412,0.0,0.0
2023-01-20 00:00:00+05:30,2081.5280083479515,2141.399668429399,2080.521242013126,2123.4970703125,1476420,0.0,0.0
2023-01-23 00:00:00+05:30,2126.689591465552,2298.592907172929,2098.2272179795264,2255.936279296875,2527028,0.0,0.0
2023-01-24 00:00:00+05:30,2252.375725572699,2298.0037352115914,2229.561840663506,2253.554443359375,2152818,0.0,0.0
2023-01-25 00:00:00+05:30,2238.433098909073,2280.5855367990175,2231.8359072233316,2270.2080078125,961322,14.0,0.0
2023-01-27 00:00:00+05:30,2269.2196030679374,2325.0605906869873,2248.9587137548306,2261.782470703125,1505742,0.0,0.0
2023-01-30 00:00:00+05:30,2268.2313963718275,2304.7503677628747,2245.030109427688,2280.5361328125,602798,0.0,0.0
2023-01-31 00:00:00+05:30,2286.5152371297722,2346.803730522863,2229.9576154581687,2316.43701171875,1060130,0.0,0.0
2023-02-01 00:00:00+05:30,2323.084051116016,2344.333277705675,2274.8285882936793,2314.856201171875,852924,0.0,0.0
2023-02-02 00:00:00+05:30,2330.002274459127,2415.49334412645,2330.002274459127,2384.064208984375,1287422,0.0,0.0
2023-02-03 00:00:00+05:30,2391.7733799248867,2411.5401020730264,2365.2118470383243,2397.209228515625,661336,0.0,0.0
2023-02-06 00:00:00+05:30,2394.2686727431274,2446.1317030450828,2359.6522994020747,2391.279052734375,864934,0.0,0.0
2023-02-07 00:00:00+05:30,2390.7849991527046,2408.8715978389564,2373.2420335739694,2382.1865234375,308864,0.0,0.0
2023-02-08 00:00:00+05:30,2396.7150917479476,2433.7036193090903,2384.0397292635917,2388.70947265625,492842,0.0,0.0
2023-02-09 00:00:00+05:30,2385.8680582855154,2418.4339271935105,2362.1233789950365,2384.286865234375,371042,0.0,0.0
2023-02-10 00:00:00+05:30,2381.8901017296657,2421.4235474015277,2362.123378893735,2416.827880859375,450108,0.0,0.0
2023-02-13 00:00:00+05:30,2417.9642135784343,2417.9642135784343,2320.5141798207596,2333.362548828125,720900,0.0,0.0
2023-02-14 00:00:00+05:30,2339.885823899562,2388.1907529990726,2336.9208154637868,2348.064208984375,651696,0.0,0.0
2023-02-15 00:00:00+05:30,2351.6717043920553,2396.171441371356,2328.544494567549,2387.30126953125,471376,0.0,0.0
2023-02-16 00:00:00+05:30,2409.069268820142,2463.0571288444703,2399.383526680748,2441.066650390625,953328,0.0,0.0
2023-02-17 00:00:00+05:30,2424.4127746607323,2441.1898744649798,2396.7147552945653,2426.537841796875,449196,0.0,0.0
2023-02-20 00:00:00+05:30,2431.282089965588,2517.7861068953084,2419.3477390349267,2501.503173828125,1397586,0.0,0.0
2023-02-21 00:00:00+05:30,2512.8445169200068,2537.5529192496037,2450.5052661010322,2455.02685546875,813338,0.0,0.0
2023-02-22 00:00:00+05:30,2424.3884292604052,2507.4086608371986,2417.4700766290057,2490.35986328125,772092,0.0,0.0
2023-02-23 00:00:00+05:30,2499.996063987534,2507.3345074922695,2446.6259167428902,2456.50927734375,644010,0.0,0.0
2023-02-24 00:00:00+05:30,2461.1542920879006,2469.85169726363,2413.294072384732,2418.952392578125,614950,0.0,0.0
2023-02-27 00:00:00+05:30,2408.8960854658553,2408.8960854658553,2341.6397698239816,2382.631103515625,719874,0.0,0.0
2023-02-28 00:00:00+05:30,2404.6955554274914,2409.068990468782,2344.728220606152,2368.5966796875,472828,0.0,0.0
2023-03-01 00:00:00+05:30,2372.006415972321,2438.7190964215424,2353.005559727188,2425.426025390625,548740,0.0,0.0
2023-03-02 00:00:00+05:30,2416.4570115283173,2430.120709054455,2392.761558397094,2401.82958984375,344678,0.0,0.0
2023-03-03 00:00:00+05:30,2421.4231916414765,2445.587958499468,2392.514363741267,2404.695556640625,378146,0.0,0.0
2023-03-06 00:00:00+05:30,2421.398597832584,2446.131609814633,2400.9647026920034,2410.551513671875,413696,0.0,0.0
2023-03-08 00:00:00+05:30,2396.7148258367183,2424.3636222519613,2364.6185173735307,2417.296875,506098,0.0,0.0
2023-03-09 00:00:00+05:30,2428.7370923689696,2430.516145649135,2375.960039913059,2380.7041015625,243882,0.0,0.0
2023-03-10 00:00:00+05:30,2352.23993861889,2361.036033468796,2315.696114483863,2347.001708984375,792904,0.0,0.0
2023-03-13 00:00:00+05:30,2356.440343280627,2371.11723086324,2274.1613630654183,2284.0693359375,573556,0.0,0.0
2023-03-14 00:00:00+05:30,2285.5270286194573,2285.5270286194573,2199.4923304835334,2240.113037109375,1561904,0.0,0.0
2023-03-15 00:00:00+05:30,2260.794195112827,2270.405618817056,2221.53244740088,2236.011474609375,598414,0.0,0.0
2023-03-16 00:00:00+05:30,2233.6397030057515,2265.26645986247,2204.97795460435,2214.218994140625,534932,0.0,0.0
2023-03-17 00:00:00+05:30,2245.104199614072,2302.8229266665508,2239.025788315112,2298.844970703125,1089322,0.0,0.0
2023-03-20 00:00:00+05:30,2283.0565883229874,2300.9701816837464,2223.904571108322,2252.3935546875,469668,0.0,0.0
2023-03-21 00:00:00+05:30,2258.372433877748,2264.1542961536543,2199.3193562566726,2212.167724609375,554638,0.0,0.0
2023-03-22 00:00:00+05:30,2241.0519920567276,2257.532543939379,2215.8740346805957,2220.074462890625,516572,0.0,0.0
2023-03-23 00:00:00+05:30,2206.4848421186734,2207.745115357418,2158.05637569919,2187.53369140625,932774,0.0,0.0
2023-03-24 00:00:00+05:30,2199.0479175675355,2248.4647247038847,2132.8293960048277,2137.177978515625,919892,0.0,0.0
2023-03-27 00:00:00+05:30,2147.8767770461327,2195.3169089539606,2124.972040100787,2158.081298828125,650670,0.0,0.0
2023-03-28 00:00:00+05:30,2163.9616776360435,2198.232276783895,2152.818285724208,2186.718017578125,378044,0.0,0.0
2023-03-29 00:00:00+05:30,2182.74003994579,2251.1823074423924,2167.9644651130593,2244.412109375,788878,0.0,0.0
2023-03-31 00:00:00+05:30,2264.2034918092727,2297.880989668077,2240.0633389602995,2277.8671875,1182254,0.0,0.0
2023-04-03 00:00:00+05:30,2287.99805378951,2290.0736561006406,2204.9778220321364,2240.33544921875,654980,0.0,0.0
2023-04-05 00:00:00+05:30,2240.5579433975504,2260.7942216046754,2208.9806531949444,2248.736328125,493884,0.0,0.0
2023-04-06 00:00:00+05:30,2236.604201712254,2264.7717756180427,2228.1044162270114,2247.1298828125,465962,0.0,0.0
2023-04-10 00:00:00+05:30,2247.476210533604,2265.019175677391,2219.308632697101,2258.224365234375,265046,0.0,0.0
2023-04-11 00:00:00+05:30,2257.8538447346778,2257.8538447346778,2219.456890319497,2229.933349609375,367938,0.0,0.0
2023-04-12 00:00:00+05:30,2230.9954977924554,2255.3827366854543,2223.755984900207,2245.3017578125,370780,0.0,0.0
2023-04-13 00:00:00+05:30,2231.9099130683153,2243.5228618023143,2150.12510389909,2170.262451171875,1244308,0.0,0.0
2023-04-17 00:00:00+05:30,2075.505782310318,2087.8599833954986,1957.9185205108695,2077.754150390625,2647796,0.0,0.0
2023-04-18 00:00:00+05:30,2097.7185523087114,2165.4441803268487,2065.6222441273912,2152.398193359375,1312442,0.0,0.0
2023-04-19 00:00:00+05:30,2159.4896707441667,2169.3976431896053,2116.521664187034,2133.52099609375,735200,0.0,0.0
2023-04-20 00:00:00+05:30,2144.6399415854953,2161.515732782453,2110.097642027302,2120.005615234375,401662,0.0,0.0
2023-04-21 00:00:00+05:30,2124.92266860707,2148.889819636708,2087.860063922063,2125.58984375,486708,0.0,0.0
2023-04-24 00:00:00+05:30,2144.6893797751773,2208.412447610812,2142.2431513616907,2195.24267578125,1438434,0.0,0.0
2023-04-25 00:00:00+05:30,2171.8682030460313,2222.7675033677015,2156.7220031991924,2210.01806640625,1529942,0.0,0.0
2023-04-26 00:00:00+05:30,2178.31699846281,2246.2404816713843,2150.2729664894623,2210.01806640625,1167572,0.0,0.0
2023-04-27 00:00:00+05:30,2208.8320059813877,2288.936686173181,2196.576736231187,2264.870849609375,907450,0.0,0.0
2023-04-28 00:00:00+05:30,2272.184658697359,2357.082631854849,2268.255926243529,2340.99755859375,1169504,0.0,0.0
2023-05-02 00:00:00+05:30,2350.757393259069,2383.1007883654615,2337.6373281636884,2347.742919921875,546108,0.0,0.0
2023-05-03 00:00:00+05:30,2332.473027862389,2347.001519226496,2308.2587951578853,2311.693359375,559118,0.0,0.0
2023-05-04 00:00:00+05:30,2315.4985952910147,2331.484980796066,2283.056509384872,2307.394287109375,497210,0.0,0.0
2023-05-05 00:00:00+05:30,2307.2703315903,2330.7927760330213,2286.8859021240114,2292.81591796875,421276,0.0,0.0
2023-05-08 00:00:00+05:30,2309.247036101213,2320.588288081383,2290.9628203221105,2309.86474609375,380326,0.0,0.0
2023-05-09 00:00:00+05:30,2322.5898322147477,2355.2049234756355,2313.348793173632,2320.16845703125,548846,0.0,0.0
2023-05-10 00:00:00+05:30,2335.4383028322154,2335.4383028322154,2301.587789979061,2308.654296875,282798,0.0,0.0
2023-05-11 00:00:00+05:30,2330.9908213967446,2335.290180187882,2297.3379270628584,2306.38134765625,460416,0.0,0.0
2023-05-12 00:00:00+05:30,2312.212314965817,2331.6330228893453,2286.392034252638,2298.8203125,419216,0.0,0.0
2023-05-15 00:00:00+05:30,2302.8229698835903,2323.3063308002825,2281.5737450541924,2318.315185546875,311284,0.0,0.0
2023-05-16 00:00:00+05:30,2330.002115143715,2378.9247470417486,2310.2353951849136,2331.484619140625,660646,0.0,0.0
2023-05-17 00:00:00+05:30,2335.314353998335,2378.6529827793192,2314.682840634439,2374.156005859375,713662,0.0,0.0
2023-05-18 00:00:00+05:30,2395.20783071172,2398.7905489309937,2340.033777100513,2346.433349609375,360724,0.0,0.0
2023-05-19 00:00:00+05:30,2364.594047428068,2419.446699311979,2354.908305683663,2415.59228515625,1017838,0.0,0.0
2023-05-22 00:00:00+05:30,2421.423473822068,2498.637232553639,2416.4817932632473,2491.150634765625,867542,0.0,0.0
2023-05-23 00:00:00+05:30,2490.6070073868814,2518.2804185800687,2441.1902016847607,2446.156494140625,678044,0.0,0.0
2023-05-24 00:00:00+05:30,2438.7192979670663,2500.465691603003,2419.125583274419,2454.384521484375,805160,0.0,0.0
2023-05-25 00:00:00+05:30,2465.8986565538585,2492.0895641284783,2454.112699886679,2483.935791015625,440560,0.0,0.0
2023-05-26 00:00:00+05:30,2503.455134391398,2549.9069272521942,2486.3568730159577,2514.79638671875,1172258,0.0,0.0
2023-05-29 00:00:00+05:30,2536.885743452253,2536.885743452253,2486.2829837533177,2490.236328125,493606,0.0,0.0
2023-05-30 00:00:00+05:30,2492.5094728272866,2520.998211571948,2483.762602156447,2506.59326171875,431988,0.0,0.0
2023-05-31 00:00:00+05:30,2504.6662426896087,2549.41306476407,2495.5487453108267,2539.233154296875,660568,0.0,0.0
2023-06-01 00:00:00+05:30,2548.9187644780795,2570.1679903161094,2517.4155517530935,2556.578369140625,566908,0.0,0.0
2023-06-02 00:00:00+05:30,2569.6738339172966,2608.688497585987,2557.3196327926944,2582.769287109375,766460,0.0,0.0
2023-06-05 00:00:00+05:30,2603.276944862636,2607.230288742458,2565.47309401184,2574.343505859375,212734,0.0,0.0
2023-06-06 00:00:00+05:30,2519.26863395349,2519.26863395349,2423.894203519393,2461.4755859375,1519336,0.0,0.0
2023-06-07 00:00:00+05:30,2470.8401156257205,2490.1126685276013,2456.0150749319664,2480.0068359375,458248,0.0,0.0
2023-06-08 00:00:00+05:30,2490.6067795282966,2490.6067795282966,2428.8357780519004,2434.345703125,432000,0.0,0.0
2023-06-09 00:00:00+05:30,2441.165322553912,2444.1549424544046,2381.889774086177,2414.87548828125,748724,0.0,0.0
2023-06-12 00:00:00+05:30,2431.3311700394725,2471.828334125956,2391.2789501870257,2462.78515625,552992,0.0,0.0
2023-06-13 00:00:00+05:30,2476.745563647677,2512.8444418556664,2463.427638672664,2490.705810546875,720190,0.0,0.0
2023-06-14 00:00:00+05:30,2435.25999332729,2464.5889134616923,2402.6449041309425,2453.173583984375,1034786,0.0,0.0
2023-06-15 00:00:00+05:30,2446.1316305542146,2475.7817109245684,2424.3882382826214,2463.056884765625,744116,0.0,0.0
2023-06-16 00:00:00+05:30,2473.311082790443,2473.311082790443,2436.742647200734,2450.455810546875,500384,0.0,0.0
2023-06-19 00:00:00+05:30,2441.214566630888,2460.9566750290833,2426.8344706605776,2442.721923828125,425506,0.0,0.0
2023-06-20 00:00:00+05:30,2446.131606249387,2458.4858062809494,2424.264672193521,2455.54541015625,392924,0.0,0.0
2023-06-21 00:00:00+05:30,2470.790776456499,2470.840241519928,2435.260142042041,2439.9052734375,391978,0.0,0.0
2023-06-22 00:00:00+05:30,2429.8244369735767,2439.6831866365233,2399.7047961339135,2406.549072265625,426290,0.0,0.0
2023-06-23 00:00:00+05:30,2401.1376122521697,2401.1376122521697,2362.7901285968283,2374.403076171875,329208,0.0,0.0
2023-06-26 00:00:00+05:30,2369.412371333711,2435.1367251347187,2357.675879583531,2424.462646484375,445436,0.0,0.0
2023-06-27 00:00:00+05:30,2399.309443382421,2437.187376450275,2399.309443382421,2417.420654296875,361428,0.0,0.0
2023-06-28 00:00:00+05:30,2426.0931528370184,2435.4328796580053,2401.6564490348987,2409.513671875,454488,0.0,0.0
2023-06-30 00:00:00+05:30,2415.4934974757934,2489.9398680786353,2410.576428720483,2476.30078125,960168,0.0,0.0
2023-07-03 00:00:00+05:30,2498.0197125821946,2498.0197125821946,2396.71525341714,2402.521728515625,978832,0.0,0.0
2023-07-04 00:00:00+05:30,2409.019981389983,2415.4936316482977,2382.878537603947,2405.313720703125,449940,0.0,0.0
2023-07-05 00:00:00+05:30,2389.351907463709,2406.178232490213,2380.926197715229,2399.828125,824362,0.0,0.0
2023-07-06 00:00:00+05:30,2401.557784761736,2420.4351007251767,2373.4891361337327,2416.1357421875,463940,0.0,0.0
2023-07-07 00:00:00+05:30,2416.4819322129656,2431.2823628548686,2375.5895232373778,2386.609375,424250,0.0,0.0
2023-07-10 00:00:00+05:30,2386.609066838702,2401.6565795798037,2334.968508697531,2346.40869140625,455418,0.0,0.0
2023-07-11 00:00:00+05:30,2338.382959926866,2359.785205813362,2318.566155181723,2337.342529296875,487798,6.0,0.0
2023-07-12 00:00:00+05:30,2338.3828627881717,2348.2912647491385,2301.944811338454,2325.923095703125,800280,0.0,0.0
2023-07-13 00:00:00+05:30,2327.954617833052,2416.164079052713,2323.5451849608635,2358.24951171875,1227046,0.0,0.0
2023-07-14 00:00:00+05:30,2387.330196885294,2446.879787565924,2365.1354739501357,2439.448486328125,1424638,0.0,0.0
2023-07-17 00:00:00+05:30,2451.314026698387,2521.1929363569952,2433.0081568970727,2458.3984375,1122438,0.0,0.0
2023-07-18 00:00:00+05:30,2476.8776959671986,2493.0037668738037,2437.9625402324496,2468.876708984375,577714,0.0,0.0
2023-07-19 00:00:00+05:30,2480.5438298445497,2550.918160086157,2440.0183194863534,2545.8154296875,2084866,0.0,0.0
2023-07-20 00:00:00+05:30,2551.3143516873783,2555.2034478798764,2481.757417551984,2498.775146484375,642390,0.0,0.0
2023-07-21 00:00:00+05:30,2422.604045817591,2452.329248833758,2336.4009570707076,2353.047119140625,2555932,0.0,0.0
2023-07-24 00:00:00+05:30,2363.129173272022,2387.2809028456813,2329.019451431739,2365.0859375,583440,0.0,0.0
2023-07-25 00:00:00+05:30,2382.2274829099747,2382.2274829099747,2308.2117704617376,2320.027587890625,1002122,0.0,0.0
2023-07-26 00:00:00+05:30,2320.0276661179037,2337.1196596567597,2300.1116812326277,2310.713623046875,870564,0.0,0.0
2023-07-27 00:00:00+05:30,2315.1226381252486,2350.272788500836,2302.3904875965827,2338.55615234375,930732,0.0,0.0
2023-07-28 00:00:00+05:30,2349.7278298983306,2359.6611475639647,2319.8045056911046,2326.888916015625,509642,0.0,0.0
2023-07-31 00:00:00+05:30,2345.814395993995,2357.209059374747,2324.0654999220415,2350.2978515625,512634,0.0,0.0
2023-08-01 00:00:00+05:30,2350.297543223126,2395.6038064832355,2335.3110857427996,2382.74755859375,798762,0.0,0.0
2023-08-02 00:00:00+05:30,2378.0165988711046,2378.190044295644,2313.835018469566,2336.896728515625,733756,0.0,0.0
2023-08-03 00:00:00+05:30,2332.4379515836354,2336.6736968962423,2295.950307710018,2324.114990234375,458764,0.0,0.0
2023-08-04 00:00:00+05:30,2340.8600154817523,2382.970724754969,2333.5772431162914,2370.956787109375,651810,0.0,0.0
2023-08-07 00:00:00+05:30,2378.0166326267004,2429.91189143246,2364.144868936378,2418.690673828125,724704,0.0,0.0
2023-08-08 00:00:00+05:30,2412.695848330266,2452.3047814521683,2399.3195058446568,2406.230712890625,605606,0.0,0.0
2023-08-09 00:00:00+05:30,2416.163801641609,2421.687687316165,2376.158628998066,2402.614013671875,484584,0.0,0.0
2023-08-10 00:00:00+05:30,2398.328529776035,2415.172811951698,2388.420128496233,2400.0625,366530,0.0,0.0
2023-08-11 00:00:00+05:30,2406.7507645253836,2450.8431519364085,2404.4221933722797,2423.867431640625,795606,0.0,0.0
2023-08-14 00:00:00+05:30,2423.8673090959837,2452.3292882026108,2398.328501856331,2446.433837890625,525202,0.0,0.0
2023-08-16 00:00:00+05:30,2451.2892384886695,2477.1006759125507,2415.9658796119015,2463.37744140625,779268,0.0,0.0
2023-08-17 00:00:00+05:30,2463.7241104233763,2475.614192597147,2426.5676036303435,2434.593505859375,371492,0.0,0.0
2023-08-18 00:00:00+05:30,2432.0171117828577,2439.919158622597,2357.208681577274,2403.629638671875,486846,0.0,0.0
2023-08-21 00:00:00+05:30,2419.6315494360992,2493.3748730285865,2404.7442735400577,2482.4013671875,847190,0.0,0.0
2023-08-22 00:00:00+05:30,2496.768653885211,2509.376949677347,2479.7509258930195,2491.814453125,681382,0.0,0.0
2023-08-23 00:00:00+05:30,2495.4310501153855,2514.752434065058,2471.056284370983,2479.627197265625,377966,0.0,0.0
2023-08-24 00:00:00+05:30,2489.48612953045,2550.843960427211,2482.624512414455,2536.5263671875,872132,0.0,0.0
2023-08-25 00:00:00+05:30,2526.6423291070237,2563.798833946833,2489.015078444179,2545.418701171875,840552,0.0,0.0
2023-08-28 00:00:00+05:30,2551.388928348888,2571.230407273331,2494.2421694711043,2500.65771484375,597960,0.0,0.0
2023-08-29 00:00:00+05:30,2514.257105099971,2535.956409560569,2497.5613503201266,2529.78857421875,465966,0.0,0.0
2023-08-30 00:00:00+05:30,2546.459483031428,2576.184691004558,2536.65026116204,2569.19921875,547502,0.0,0.0
2023-08-31 00:00:00+05:30,2575.4659263691433,2670.809616277338,2567.3410855444918,2660.752685546875,1386890,0.0,0.0
2023-09-01 00:00:00+05:30,2625.7265906775474,2760.9266907109986,2625.7265906775474,2746.26220703125,1296136,0.0,0.0
2023-09-04 00:00:00+05:30,2758.499214450265,2873.4366817190257,2750.2009274815073,2864.79150390625,1429702,0.0,0.0
2023-09-05 00:00:00+05:30,2873.436535140477,2942.522963768652,2832.9359425977646,2935.7109375,1346990,0.0,0.0
2023-09-06 00:00:00+05:30,2935.36395145325,2958.0790103276413,2903.756247353766,2951.4404296875,1024724,0.0,0.0
2023-09-07 00:00:00+05:30,2942.6962890625,2967.120645764614,2930.063076186895,2942.6962890625,576030,0.0,0.0
2023-09-08 00:00:00+05:30,2910.989215790448,2971.5049722207978,2898.702894540798,2958.177978515625,685480,0.0,0.0
2023-09-11 00:00:00+05:30,2959.6398840690335,2989.8605122793133,2930.4100961279437,2940.88818359375,846946,0.0,0.0
2023-09-12 00:00:00+05:30,2966.7241535025755,2966.7241535025755,2886.5406020725172,2893.203857421875,604718,0.0,0.0
2023-09-13 00:00:00+05:30,2866.896743160082,2886.565016555687,2830.854933333527,2863.2802734375,710548,0.0,0.0
2023-09-14 00:00:00+05:30,2880.8679099368687,2949.0377647506384,2860.555685636368,2942.374267578125,725040,0.0,0.0
2023-09-15 00:00:00+05:30,2965.584777302937,2965.584777302937,2920.03080144447,2955.5029296875,390224,0.0,0.0
2023-09-18 00:00:00+05:30,2962.1169034259465,2965.0894241519136,2883.6424046412935,2892.70849609375,592042,0.0,0.0
2023-09-20 00:00:00+05:30,2892.262625137551,2892.6341902230006,2845.9408444848686,2866.82275390625,893452,0.0,0.0
2023-09-21 00:00:00+05:30,2861.0016182855124,2897.6380331220234,2829.74056016133,2851.16748046875,629260,0.0,0.0
2023-09-22 00:00:00+05:30,2861.050966658038,2903.0378185063964,2826.8916553246895,2897.885498046875,517542,0.0,0.0
2023-09-25 00:00:00+05:30,2918.0241874294943,2951.5146322569194,2857.582939404639,2931.573974609375,1046814,0.0,0.0
2023-09-26 00:00:00+05:30,2929.7660652354925,2945.1240889808105,2892.634230418538,2902.691162109375,370188,0.0,0.0
2023-09-27 00:00:00+05:30,2922.978497326696,2931.8713846014844,2887.3329255001036,2892.65869140625,361614,0.0,0.0
2023-09-28 00:00:00+05:30,2897.5883098713166,2907.8682769463035,2809.874277928166,2842.200439453125,653728,0.0,0.0
2023-09-29 00:00:00+05:30,2838.7571407560977,2897.34056691568,2778.1424438287177,2871.8017578125,1101802,0.0,0.0
2023-10-03 00:00:00+05:30,2860.977067653068,2877.895617193897,2831.4995690779197,2837.791259765625,520756,0.0,0.0
2023-10-04 00:00:00+05:30,2823.4487302234693,2832.7625313085214,2789.2151530546644,2820.253173828125,837118,0.0,0.0
2023-10-05 00:00:00+05:30,2838.2617578720233,2863.5281830162844,2821.4421486858205,2843.389404296875,470156,0.0,0.0
2023-10-06 00:00:00+05:30,2863.5282321466707,2872.9412142246615,2818.9404223035567,2847.699462890625,370812,0.0,0.0
2023-10-09 00:00:00+05:30,2841.2096155453205,2868.9778155477766,2762.85873275766,2772.296630859375,897488,0.0,0.0
2023-10-10 00:00:00+05:30,2783.270343780233,2872.9167147867342,2774.3527812690113,2852.2080078125,895372,0.0,0.0
2023-10-11 00:00:00+05:30,2875.889060986714,2915.547343984698,2846.386648327657,2854.090576171875,874030,0.0,0.0
2023-10-12 00:00:00+05:30,2865.5096613939336,2895.7302854162417,2830.1118009208267,2859.292236328125,630930,0.0,0.0
2023-10-13 00:00:00+05:30,2833.8031268224427,2875.913837623126,2816.4880966197125,2856.320068359375,845324,0.0,0.0
2023-10-16 00:00:00+05:30,2865.930837112451,2876.929017511542,2831.424877656441,2854.0654296875,855982,0.0,0.0
2023-10-17 00:00:00+05:30,2875.9135278866975,2880.81813823556,2824.5383694812344,2829.666015625,689948,0.0,0.0
2023-10-18 00:00:00+05:30,2831.1774154089203,2868.482453141402,2787.1096996131682,2831.697509765625,984640,0.0,0.0
2023-10-19 00:00:00+05:30,2848.6653441748444,2947.2292618450247,2826.371441481302,2897.687255859375,1564564,0.0,0.0
2023-10-20 00:00:00+05:30,2897.6876440024375,2945.2726503638987,2876.7808179143094,2926.59521484375,819666,0.0,0.0
2023-10-23 00:00:00+05:30,2925.9757882603785,2942.6962166549056,2861.447320160019,2876.532958984375,941706,0.0,0.0
2023-10-25 00:00:00+05:30,2890.404836931913,2940.318414053375,2884.286350065185,2922.26025390625,1063818,0.0,0.0
2023-10-26 00:00:00+05:30,2893.253431173528,2920.501537117799,2813.9862138811027,2906.40673828125,918290,0.0,0.0
2023-10-27 00:00:00+05:30,2922.9785216444934,3044.6041533502093,2908.115918992064,3014.011962890625,1896610,0.0,0.0
2023-10-30 00:00:00+05:30,3040.5666917234344,3040.888666417372,2992.956770282494,3006.15966796875,818996,0.0,0.0
2023-10-31 00:00:00+05:30,3022.0625764400856,3071.6045858899233,3006.3083141967745,3051.886962890625,905422,0.0,0.0
2023-11-01 00:00:00+05:30,3059.2190758615006,3100.3389436018256,3037.222472101762,3077.05419921875,788926,0.0,0.0
2023-11-02 00:00:00+05:30,3101.329802328239,3111.2382042526106,3058.773264443933,3084.213134765625,529524,0.0,0.0
2023-11-03 00:00:00+05:30,3096.375524456784,3130.0640901628744,3086.9378686199752,3114.284912109375,985378,0.0,0.0
2023-11-06 00:00:00+05:30,3123.6238297979457,3144.1837646015324,3081.513119959274,3094.39404296875,708854,0.0,0.0
2023-11-07 00:00:00+05:30,3094.3939518420098,3101.3051590149225,3035.7362602455983,3084.559814453125,550174,0.0,0.0
2023-11-08 00:00:00+05:30,3115.1768643043265,3121.047398871149,3081.7606823366405,3115.399658203125,356746,0.0,0.0
2023-11-09 00:00:00+05:30,3128.553248672082,3135.5138042962444,3099.8931475848553,3130.906494140625,368020,0.0,0.0
2023-11-10 00:00:00+05:30,3120.6512628287037,3126.1008840211334,3087.18573126784,3094.46826171875,341756,0.0,0.0
2023-11-13 00:00:00+05:30,3094.3941128288984,3114.9293738520505,3043.3162493611458,3089.489501953125,756078,0.0,0.0
2023-11-15 00:00:00+05:30,3140.269971882589,3169.1281934210947,3091.0003449576816,3103.21240234375,1563804,0.0,0.0
2023-11-16 00:00:00+05:30,3116.16799082962,3176.1385017160933,3102.4694305033754,3168.8310546875,847346,0.0,0.0
2023-11-17 00:00:00+05:30,3189.5145171708623,3210.4956062168726,3152.3580106800555,3164.173828125,670996,0.0,0.0
2023-11-20 00:00:00+05:30,3175.1475299923204,3220.206086397189,3165.0160918374845,3210.570068359375,958802,0.0,0.0
2023-11-21 00:00:00+05:30,3220.2306354037582,3257.8825628330947,3187.062163097362,3203.188232421875,943398,0.0,0.0
2023-11-22 00:00:00+05:30,3197.4165625085175,3277.2038706396797,3183.098728492002,3266.800048828125,807906,0.0,0.0
2023-11-23 00:00:00+05:30,3277.1049259937395,3281.984862575938,3153.8444964112896,3160.210693359375,1118954,0.0,0.0
2023-11-24 00:00:00+05:30,3175.642915797799,3207.300212552573,3134.374517257518,3165.907958984375,1029614,0.0,0.0
2023-11-28 00:00:00+05:30,3183.0740698714067,3190.5053712018457,3109.256476655712,3130.609130859375,1140176,0.0,0.0
2023-11-29 00:00:00+05:30,3158.2785490321685,3207.845234621608,3153.8444422550047,3191.84326171875,875338,0.0,0.0
2023-11-30 00:00:00+05:30,3213.7902867591283,3225.1849494068024,3136.157857958671,3170.6640625,14528104,0.0,0.0
2023-12-01 00:00:00+05:30,3192.982547092695,3211.9819563239917,3165.7344415705697,3187.18603515625,415694,0.0,0.0
2023-12-04 00:00:00+05:30,3220.7260469341854,3232.616129248663,3169.0538276375883,3191.223876953125,792814,0.0,0.0
2023-12-05 00:00:00+05:30,3205.3680992042177,3219.735282338209,3106.6803169152013,3160.755615234375,705628,0.0,0.0
2023-12-06 00:00:00+05:30,3178.0705937832063,3212.7995938259446,3132.070785604841,3138.8828125,447780,0.0,0.0
2023-12-07 00:00:00+05:30,3155.8258952325855,3157.609455893333,3115.8453981968687,3125.531005859375,420510,0.0,0.0
2023-12-08 00:00:00+05:30,3145.9177077844624,3238.0658485164167,3128.256029191708,3202.643310546875,1022492,0.0,0.0
2023-12-11 00:00:00+05:30,3220.230575165039,3240.0473787045166,3201.4046118025362,3233.631591796875,636456,0.0,0.0
2023-12-12 00:00:00+05:30,3245.0017047896736,3301.950342920203,3220.2306994095998,3233.830078125,884092,0.0,0.0
2023-12-13 00:00:00+05:30,3246.983172838994,3254.6868582465686,3183.693258232619,3230.981201171875,333944,0.0,0.0
2023-12-14 00:00:00+05:30,3267.791087544667,3416.9868072071677,3260.7066766423864,3398.235107421875,1515086,0.0,0.0
2023-12-15 00:00:00+05:30,3417.903250452658,3666.2325741647023,3401.455206464507,3579.3359375,2922862,0.0,0.0
2023-12-18 00:00:00+05:30,3579.3359727274214,3590.037095312722,3505.4441128864883,3540.54443359375,797768,0.0,0.0
2023-12-19 00:00:00+05:30,3562.0702979038942,3562.0702979038942,3450.7246373400694,3499.7958984375,793000,0.0,0.0
2023-12-20 00:00:00+05:30,3529.868489243206,3603.785270720052,3446.6379059178926,3466.256591796875,771526,0.0,0.0
2023-12-21 00:00:00+05:30,3438.215293402654,3554.639010110093,3427.7867976678267,3548.495849609375,567800,0.0,0.0
2023-12-22 00:00:00+05:30,3567.0493246808232,3711.1672224838,3544.7307463728052,3681.64013671875,1261042,0.0,0.0
2023-12-26 00:00:00+05:30,3690.8799984870916,3693.3570991572174,3628.9524817339525,3645.57373046875,612722,0.0,0.0
2023-12-27 00:00:00+05:30,3653.723190844571,3708.2194011486936,3642.3532029330195,3664.02783203125,613622,0.0,0.0
2023-12-28 00:00:00+05:30,3676.0171151217864,3745.3759286146505,3651.7415303992843,3725.08837890625,671220,0.0,0.0
2023-12-29 00:00:00+05:30,3725.088592675479,3725.088592675479,3648.100353661195,3660.857421875,529612,0.0,0.0
2024-01-01 00:00:00+05:30,3678.4943571984336,3678.4943571984336,3617.136527519378,3625.434814453125,280792,0.0,0.0
2024-01-02 00:00:00+05:30,3643.814744128106,3648.2488506736554,3589.17000523011,3630.95849609375,390288,0.0,0.0
2024-01-03 00:00:00+05:30,3616.5665141385853,3628.9520158993337,3547.38114968391,3610.3984375,508764,0.0,0.0
2024-01-04 00:00:00+05:30,3622.5119812784756,3673.5155802930394,3576.0167538162323,3599.326416015625,600388,0.0,0.0
2024-01-05 00:00:00+05:30,3601.7040562267243,3665.1178277806475,3596.749855324074,3641.709228515625,523110,0.0,0.0
2024-01-08 00:00:00+05:30,3648.768940679627,3658.8754620733507,3572.0284175857805,3609.80419921875,365716,0.0,0.0
2024-01-09 00:00:00+05:30,3668.5613149498035,3673.1439510605455,3604.1813735836363,3612.603515625,312508,0.0,0.0
2024-01-10 00:00:00+05:30,3621.521124169489,3667.7686413521697,3585.553574610135,3656.844482421875,362856,0.0,0.0
2024-01-11 00:00:00+05:30,3671.0631449488283,3715.6509564259395,3651.7417599754135,3661.62548828125,504980,0.0,0.0
2024-01-12 00:00:00+05:30,3721.075732599615,3836.9791209653204,3705.742383595592,3792.465576171875,1002852,0.0,0.0
2024-01-15 00:00:00+05:30,3844.4601170096867,3903.910531190249,3784.9105220437486,3798.286865234375,663050,0.0,0.0
2024-01-16 00:00:00+05:30,3814.6850273961622,3814.6850273961622,3732.9903045468013,3774.8037109375,288604,0.0,0.0
2024-01-17 00:00:00+05:30,3732.990690880244,3837.0289184960175,3728.0364895652074,3820.878173828125,635166,0.0,0.0
2024-01-18 00:00:00+05:30,3858.827165801273,3912.629837138365,3743.022717219164,3846.0205078125,897510,0.0,0.0
2024-01-19 00:00:00+05:30,3908.8645231601404,3918.772924993246,3836.1862989525744,3896.8505859375,720220,0.0,0.0
2024-01-23 00:00:00+05:30,4081.766332789353,4316.942358447211,4022.8360132717803,4089.39599609375,2826878,0.0,0.0
2024-01-24 00:00:00+05:30,4160.537956352985,4216.000332730549,4085.3332827200593,4199.08154296875,871628,0.0,0.0
2024-01-25 00:00:00+05:30,4211.070660991347,4231.3828841796585,4100.765187153795,4151.0009765625,524406,0.0,0.0
2024-01-29 00:00:00+05:30,4186.29962208739,4287.860737179451,4142.182561293279,4279.240234375,1032952,0.0,0.0
2024-01-30 00:00:00+05:30,4322.701468088783,4390.826407825142,4145.427446074099,4164.0,766314,16.0,0.0
2024-01-31 00:00:00+05:30,4143.363586286937,4200.872169066078,4106.467109841232,4153.70703125,729942,0.0,0.0
2024-02-01 00:00:00+05:30,4189.435220029834,4189.435220029834,4079.092512395086,4125.1640625,258130,0.0,0.0
2024-02-02 00:00:00+05:30,4166.411950079662,4234.5368887760305,4154.676267815497,4228.0224609375,421372,0.0,0.0
2024-02-05 00:00:00+05:30,4239.161304302853,4272.005383621095,4192.369113943614,4253.3828125,596750,0.0,0.0
2024-02-06 00:00:00+05:30,4276.406271610071,4335.8786487751495,4244.6310162216505,4297.3408203125,445232,0.0,0.0
2024-02-07 00:00:00+05:30,4303.208859304812,4322.253910329869,4278.967319562065,4301.76708984375,201752,0.0,0.0
2024-02-08 00:00:00+05:30,4326.182464660383,4326.182464660383,4254.07942358271,4291.29931640625,225740,0.0,0.0
2024-02-09 00:00:00+05:30,4315.739907111399,4325.933785218989,4261.613094914927,4295.72509765625,318690,0.0,0.0
2024-02-12 00:00:00+05:30,4322.204338642336,4358.106777371111,4281.453592009539,4328.54443359375,1151842,0.0,0.0
2024-02-13 00:00:00+05:30,4313.75056280765,4330.50839986771,4234.636323097692,4324.93896484375,311506,0.0,0.0
2024-02-14 00:00:00+05:30,4285.431344340179,4308.380194140321,4236.6748720712785,4284.93408203125,370702,0.0,0.0
2024-02-15 00:00:00+05:30,4306.216644981058,4363.401808293445,4306.216644981058,4338.73779296875,368308,0.0,0.0
2024-02-16 00:00:00+05:30,4365.9629345442,4425.634409731592,4319.792324861039,4410.49267578125,394096,0.0,0.0
2024-02-19 00:00:00+05:30,4425.634852829279,4425.634852829279,4332.522479099809,4344.23291015625,599118,0.0,0.0
2024-02-20 00:00:00+05:30,4344.232677447627,4375.411121806045,4301.31903666579,4326.6298828125,286222,0.0,0.0
2024-02-21 00:00:00+05:30,4338.613797166973,4344.531413093311,4221.7571504811,4236.62548828125,292902,0.0,0.0
2024-02-22 00:00:00+05:30,4264.000010875261,4289.136526286753,4229.216411346453,4256.640625,384166,0.0,0.0
2024-02-23 00:00:00+05:30,4303.805596078084,4348.0619447841445,4286.4014140026675,4302.462890625,307192,0.0,0.0
2024-02-26 00:00:00+05:30,4301.319203696041,4301.319203696041,4127.302152200684,4189.63427734375,1476842,0.0,0.0
2024-02-27 00:00:00+05:30,4219.270755822571,4241.647560066769,4181.478819765704,4236.078125,355210,0.0,0.0
2024-02-28 00:00:00+05:30,4246.595283599131,4246.620049592632,4156.913736269158,4181.1552734375,221342,0.0,0.0
2024-02-29 00:00:00+05:30,4179.489501699467,4316.236629952573,4131.2055281120865,4291.54736328125,602434,0.0,0.0
2024-03-01 00:00:00+05:30,4291.572726477938,4339.657602158795,4261.960368176396,4275.95849609375,369366,0.0,0.0
2024-03-04 00:00:00+05:30,4264.0247797038155,4275.461814098357,4194.4080486066105,4212.38427734375,639426,0.0,0.0
2024-03-05 00:00:00+05:30,4206.839521637259,4209.82309576608,4095.005023798854,4101.59375,411892,0.0,0.0
2024-03-06 00:00:00+05:30,4100.425313515872,4170.116825693642,3990.5801096202263,4159.67431640625,650350,0.0,0.0
2024-03-07 00:00:00+05:30,4162.085826131484,4186.924177376724,4129.763773718277,4163.1298828125,323434,0.0,0.0
2024-03-11 00:00:00+05:30,4196.869322709621,4196.869322709621,4074.8909695990296,4094.7314453125,656282,0.0,0.0
2024-03-12 00:00:00+05:30,4096.347469446826,4147.167776005758,4020.365883573928,4082.92138671875,457462,0.0,0.0
2024-03-13 00:00:00+05:30,4101.916962749897,4134.736276550539,4003.5087961417776,4041.425048828125,504070,0.0,0.0
2024-03-14 00:00:00+05:30,3978.0982759062463,4153.010284474999,3941.375407636017,4131.55322265625,449832,0.0,0.0
2024-03-15 00:00:00+05:30,4118.4259866209195,4204.278032777967,4067.6056815948527,4193.1396484375,770846,0.0,0.0
2024-03-18 00:00:00+05:30,4179.98717413666,4188.142470646692,4030.311211798433,4067.28271484375,980584,0.0,0.0
2024-03-19 00:00:00+05:30,4047.715250490243,4047.715250490243,3950.7490989121593,3967.8798828125,562856,0.0,0.0
2024-03-20 00:00:00+05:30,3969.6202794259398,4003.956145023454,3933.8421588773654,3979.31689453125,352936,0.0,0.0
2024-03-21 00:00:00+05:30,4005.4233143549855,4101.767891085937,4005.4233143549855,4079.962646484375,546380,0.0,0.0
2024-03-22 00:00:00+05:30,3968.1286917978186,4020.36600329045,3909.476501900992,3963.876953125,1033580,0.0,0.0
2024-03-26 00:00:00+05:30,3975.6122649918157,4042.1708753623648,3955.87085368388,4015.293701171875,601872,0.0,0.0
2024-03-27 00:00:00+05:30,4027.824969286686,4041.7483148595293,3988.0439819357066,4027.65087890625,445316,0.0,0.0
2024-03-28 00:00:00+05:30,4046.720710554567,4074.2192193919386,3925.836193483618,3962.733154296875,747068,0.0,2.0
2024-04-01 00:00:00+05:30,4047.615776322996,4054.08018654865,3910.4709241956675,3974.766845703125,841783,0.0,0.0
2024-04-02 00:00:00+05:30,3967.158811716339,3967.158811716339,3929.466424765676,3948.511474609375,296000,0.0,0.0
2024-04-03 00:00:00+05:30,3948.4618046023606,3972.9769834518993,3909.725117184922,3951.14697265625,610324,0.0,0.0
2024-04-04 00:00:00+05:30,4005.9452247681165,4062.682903684655,3955.62218117853,4007.43701171875,856395,0.0,0.0
2024-04-05 00:00:00+05:30,4022.8520230792988,4023.846547683274,3948.262677781166,3974.8662109375,324838,0.0,0.0
2024-04-08 00:00:00+05:30,3984.0161371688364,3988.8396790415177,3711.217965879211,3882.425537109375,764262,0.0,0.0
2024-04-09 00:00:00+05:30,3908.481731456364,3966.1641590452873,3869.794821108785,3935.184814453125,282366,0.0,0.0
2024-04-10 00:00:00+05:30,3938.2678439112765,3957.5617678266462,3918.4271256808493,3937.074462890625,138002,0.0,0.0
2024-04-12 00:00:00+05:30,3945.428518403864,4017.8797390375153,3938.3177640070694,3956.16943359375,328754,0.0,0.0
2024-04-15 00:00:00+05:30,3948.2629725744737,3971.2365897631453,3883.618868489501,3931.107421875,294122,0.0,0.0
2024-04-16 00:00:00+05:30,3918.427146526518,3955.274333609832,3828.9199274434245,3837.124755859375,324666,0.0,0.0
2024-04-18 00:00:00+05:30,3907.4874177925226,3938.0690513117693,3800.6257908527105,3822.853271484375,417993,0.0,0.0
2024-04-19 00:00:00+05:30,3812.062829627775,3888.5416795233664,3769.248494082762,3863.429931640625,364067,0.0,0.0
2024-04-22 00:00:00+05:30,3860.744487995671,3860.744487995671,3297.8435657376726,3489.28955078125,3702690,0.0,0.0
2024-04-23 00:00:00+05:30,3530.5622923683995,3539.612563253477,3451.7462186584853,3509.72705078125,1623128,0.0,0.0
2024-04-24 00:00:00+05:30,3530.5625242721453,3536.9771597343447,3441.055305346936,3447.420166015625,1165495,0.0,0.0
2024-04-25 00:00:00+05:30,3444.1383082544453,3459.6527466423754,3396.7988392262487,3411.567626953125,615599,0.0,0.0
2024-04-26 00:00:00+05:30,3411.5676622652963,3499.7321736093572,3372.433020946101,3378.84765625,761753,0.0,0.0
2024-04-29 00:00:00+05:30,3383.472243215152,3418.1810546790907,3338.619086574835,3355.3271484375,769877,0.0,0.0
2024-04-30 00:00:00+05:30,3322.707026982445,3393.2685059776113,3322.707026982445,3350.156005859375,595315,0.0,0.0
2024-05-02 00:00:00+05:30,3381.3839564709374,3410.1256229793885,3346.5755922131484,3389.041748046875,432230,0.0,0.0
2024-05-03 00:00:00+05:30,3407.838128702145,3426.4854651558117,3342.5972171080366,3348.415283203125,345291,0.0,0.0
2024-05-06 00:00:00+05:30,3352.5424683690967,3415.5952316731236,3352.5424683690967,3377.107177734375,340457,0.0,0.0
2024-05-07 00:00:00+05:30,3396.3015413851012,3396.3015413851012,3302.8162280936813,3343.4921875,283529,0.0,0.0
2024-05-08 00:00:00+05:30,3346.6750709278513,3376.7594422563825,3299.832861754274,3369.250732421875,275816,0.0,0.0
2024-05-09 00:00:00+05:30,3351.6475925814716,3404.3573985989124,3326.6849269497784,3339.166259765625,260033,0.0,0.0
2024-05-10 00:00:00+05:30,3311.7668516842987,3384.2675964509813,3236.18298359781,3349.0615234375,574026,0.0,0.0
2024-05-13 00:00:00+05:30,3333.646720333668,3390.334626974187,3253.487934173068,3378.30078125,490848,0.0,0.0
2024-05-14 00:00:00+05:30,3381.3838495272344,3411.120039788292,3342.5973877238334,3405.25244140625,328633,0.0,0.0
2024-05-15 00:00:00+05:30,3402.268730497484,3470.8909293879624,3394.312533524675,3462.3876953125,694250,0.0,0.0
2024-05-16 00:00:00+05:30,3500.726686557531,3531.855355939114,3462.9845255288556,3509.13037109375,521947,0.0,0.0
2024-05-17 00:00:00+05:30,3520.667050638778,3540.2591377656177,3493.5662538120027,3520.766357421875,330396,0.0,0.0
2024-05-21 00:00:00+05:30,3507.68828155538,3507.986687497628,3446.5250183527555,3494.659912109375,522945,0.0,0.0
2024-05-22 00:00:00+05:30,3490.781501853084,3514.6500933187463,3470.393746642831,3480.14013671875,351341,0.0,0.0
2024-05-23 00:00:00+05:30,3490.880980911453,3567.359827399333,3480.8361850843785,3548.861572265625,358239,0.0,0.0
2024-05-24 00:00:00+05:30,3555.425768290684,3569.000933193515,3507.7383579452953,3535.734130859375,184591,0.0,0.0
2024-05-27 00:00:00+05:30,3565.370892585637,3763.679011916411,3540.50777617988,3716.240234375,1556306,0.0,0.0
2024-05-28 00:00:00+05:30,3729.467519204662,3776.1604039843296,3652.6404883090463,3670.4423828125,425532,0.0,0.0
2024-05-29 00:00:00+05:30,3664.823165361698,3679.7410344201585,3602.914008769089,3629.86572265625,254189,0.0,0.0
2024-05-30 00:00:00+05:30,3620.069725903465,3620.069725903465,3481.9303491436967,3497.79296875,394086,0.0,0.0
2024-05-31 00:00:00+05:30,3511.6666397745703,3525.5402104788345,3381.3839068914017,3391.826416015625,898926,0.0,0.0
2024-06-03 00:00:00+05:30,3491.278697577486,3491.278697577486,3356.52061083151,3407.09228515625,855315,0.0,0.0
2024-06-04 00:00:00+05:30,3411.219563181423,3436.082679531142,3214.3534564851234,3333.49755859375,1165302,0.0,0.0
2024-06-05 00:00:00+05:30,3342.547598334103,3590.234012791177,3341.6028484704584,3547.419677734375,678737,0.0,0.0
2024-06-06 00:00:00+05:30,3605.1519314160705,3694.4602954088905,3592.223110696509,3674.122314453125,314456,0.0,0.0
2024-06-07 00:00:00+05:30,3719.522116563048,3852.241379888729,3711.565919522271,3829.16845703125,1005726,0.0,0.0
2024-06-10 00:00:00+05:30,3833.8926399179018,3866.7119543452145,3657.8617716259514,3724.9921875,1482160,0.0,0.0
2024-06-11 00:00:00+05:30,3767.2591714970395,3770.4416016450305,3705.1013842165316,3713.40576171875,586636,0.0,0.0
2024-06-12 00:00:00+05:30,3720.4669723920015,3789.1389486173503,3720.4669723920015,3749.855224609375,509955,0.0,0.0
2024-06-13 00:00:00+05:30,3788.144184597545,3813.305705426712,3759.0045653860234,3769.9443359375,493209,0.0,0.0
2024-06-14 00:00:00+05:30,3784.9618909631095,3784.9618909631095,3714.5992732874656,3752.142578125,555850,0.0,0.0
2024-06-18 00:00:00+05:30,3752.341297174129,3870.441092837905,3752.341297174129,3826.483154296875,479189,0.0,0.0
2024-06-19 00:00:00+05:30,3848.8103952675774,3875.0657489044443,3744.3853070238833,3821.5107421875,381743,0.0,0.0
2024-06-20 00:00:00+05:30,3821.510604919062,3891.525040638372,3806.592735705812,3877.005126953125,313508,0.0,0.0
2024-06-21 00:00:00+05:30,3928.3724436784355,4079.838356567545,3905.150195529065,3922.852783203125,1287631,0.0,0.0
2024-06-24 00:00:00+05:30,3918.377276930766,4009.1276496388214,3871.634619207165,3946.373291015625,650360,0.0,0.0
2024-06-25 00:00:00+05:30,3977.998931445464,3986.9496530277797,3930.062893309837,3952.439697265625,152461,0.0,0.0
2024-06-26 00:00:00+05:30,3963.180721596877,3977.999041727975,3918.427112444591,3929.267333984375,268164,0.0,0.0
2024-06-27 00:00:00+05:30,3929.267302094146,4034.7864634939046,3881.480587396919,4009.525634765625,644155,0.0,0.0
2024-06-28 00:00:00+05:30,4017.9296273031687,4261.538407918503,4002.9619817670887,4218.22705078125,1252644,0.0,0.0
2024-07-01 00:00:00+05:30,4221.756979034254,4524.0429291730925,4204.054635179154,4471.53173828125,1748520,0.0,0.0
2024-07-02 00:00:00+05:30,4471.382557824734,4529.064984060018,4398.782262735498,4477.10107421875,704120,0.0,0.0
2024-07-03 00:00:00+05:30,4520.065082930938,4596.7925639262585,4457.559110441336,4568.24951171875,627211,0.0,0.0
2024-07-04 00:00:00+05:30,4599.676646889369,4733.937478744519,4574.813529879157,4724.88720703125,911163,0.0,0.0
2024-07-05 00:00:00+05:30,4743.733739103558,4819.168534746937,4692.1675362686665,4745.1259765625,649373,0.0,0.0
2024-07-08 00:00:00+05:30,4753.629007666197,4758.7511984014245,4541.2484503992555,4561.1884765625,971949,0.0,0.0
2024-07-09 00:00:00+05:30,4572.650293597904,4663.549334015012,4572.650293597904,4622.435546875,362291,10.0,0.0
2024-07-10 00:00:00+05:30,4662.452562331972,4662.452562331972,4518.130914908061,4543.49658203125,535137,0.0,0.0
2024-07-11 00:00:00+05:30,4579.727000408854,4621.638438345914,4505.572775326028,4602.8505859375,378000,0.0,0.0
2024-07-12 00:00:00+05:30,4684.479865976266,4912.674031987487,4613.913853301023,4792.62158203125,1368072,0.0,0.0
2024-07-15 00:00:00+05:30,4858.9021478060795,4858.9021478060795,4752.504649492583,4778.66796875,531936,0.0,0.0
2024-07-16 00:00:00+05:30,4784.149561367878,4857.057909953702,4746.922800259713,4804.5322265625,365068,0.0,0.0
2024-07-18 00:00:00+05:30,4812.057074501001,4900.713540249087,4723.898957662866,4879.98193359375,555572,0.0,0.0
2024-07-19 00:00:00+05:30,4784.000258158864,4784.000258158864,4520.02473605254,4568.31494140625,1923719,0.0,0.0
2024-07-22 00:00:00+05:30,4568.315040100219,4788.23632745368,4477.166825357218,4743.28515625,1177493,0.0,0.0
2024-07-23 00:00:00+05:30,4736.308230064052,4830.994526750938,4540.755915291584,4794.26611328125,875195,0.0,0.0
2024-07-24 00:00:00+05:30,4775.179189237282,4821.475997000224,4744.281557246809,4802.58837890625,275627,0.0,0.0
2024-07-25 00:00:00+05:30,4724.347553619796,4799.099888328969,4679.496152794291,4701.47314453125,413931,0.0,0.0
2024-07-26 00:00:00+05:30,4704.413621603351,4817.040473137499,4704.413621603351,4757.18896484375,189950,0.0,0.0
2024-07-29 00:00:00+05:30,4807.721354741433,4829.000950588117,4739.298146552424,4762.8203125,438646,0.0,0.0
2024-07-30 00:00:00+05:30,4771.19270896318,4783.103443190396,4712.287767447301,4760.8271484375,165048,0.0,0.0
2024-07-31 00:00:00+05:30,4806.276514597219,4948.405237124341,4774.182649509173,4816.3427734375,731474,0.0,0.0
2024-08-01 00:00:00+05:30,4863.83559391401,4867.324036192592,4739.447417236434,4780.611328125,253525,0.0,0.0
2024-08-02 00:00:00+05:30,4729.331159964803,4770.096003504069,4611.671176880219,4621.0400390625,354246,0.0,0.0
2024-08-05 00:00:00+05:30,4429.325309330352,4572.849801801903,4394.540651197065,4521.61962890625,486624,0.0,0.0
2024-08-06 00:00:00+05:30,4495.10725268734,4621.0401219450705,4464.907502841267,4484.59228515625,276547,0.0,0.0
2024-08-07 00:00:00+05:30,4544.942139586948,4678.450009604861,4519.027995808601,4660.70849609375,380357,0.0,0.0
2024-08-08 00:00:00+05:30,4643.764685568271,4683.483192182418,4584.810105137076,4596.17236328125,293069,0.0,0.0
2024-08-09 00:00:00+05:30,4634.644881247809,4726.241313932676,4619.694413888945,4683.53271484375,332736,0.0,0.0
2024-08-12 00:00:00+05:30,4644.612073858192,4731.025973848386,4584.8102016625935,4660.45947265625,569506,0.0,0.0
2024-08-13 00:00:00+05:30,4674.512939290471,4764.215746227815,4655.077331120713,4696.98828125,303146,0.0,0.0
2024-08-14 00:00:00+05:30,4729.331138437023,4772.18914453877,4665.891419762044,4748.3681640625,286749,0.0,0.0
2024-08-16 00:00:00+05:30,4833.984547586751,4922.49112154306,4809.116741689866,4841.11083984375,490714,0.0,0.0
2024-08-19 00:00:00+05:30,4888.803093887033,4905.746957820995,4802.987309217136,4858.40380859375,477064,0.0,0.0
2024-08-20 00:00:00+05:30,4903.753153078102,4980.399116206062,4888.8523263702145,4918.85302734375,390175,0.0,0.0
2024-08-21 00:00:00+05:30,4918.703864077197,4932.956448590258,4873.852461061296,4896.3779296875,167202,0.0,0.0
2024-08-22 00:00:00+05:30,4928.670777296297,4981.196947689528,4906.294716309177,4943.3720703125,264975,0.0,0.0
2024-08-23 00:00:00+05:30,4943.621527777777,4951.595110887097,4838.9682494679655,4866.37744140625,253145,0.0,0.0
2024-08-26 00:00:00+05:30,4943.621520712449,5028.042026429267,4913.720584095236,4976.9111328125,878677,0.0,0.0
2024-08-27 00:00:00+05:30,4988.472898104559,5051.7135733684645,4883.819620521946,4893.337890625,394026,0.0,0.0
2024-08-28 00:00:00+05:30,4908.736985142932,5033.324218268388,4824.117433737899,4981.4462890625,648876,0.0,0.0
2024-08-29 00:00:00+05:30,4965.548773890486,5078.474447565324,4942.575082721391,5061.18212890625,374732,0.0,0.0
2024-08-30 00:00:00+05:30,5073.191788100758,5247.564262400561,5049.071506739302,5153.77490234375,1385111,0.0,0.0
2024-09-02 00:00:00+05:30,5197.280724827791,5252.597453225134,5158.957499405696,5189.60595703125,592833,0.0,0.0
2024-09-03 00:00:00+05:30,5189.60599007151,5305.073529308565,5169.9713351112805,5273.17919921875,454305,0.0,0.0
2024-09-04 00:00:00+05:30,5232.314783662233,5251.45157709639,5129.6549048622,5232.41455078125,425122,0.0,0.0
2024-09-05 00:00:00+05:30,5271.534826228485,5271.534826228485,5212.929188454692,5247.26513671875,219198,0.0,0.0
2024-09-06 00:00:00+05:30,5277.5149223568915,5315.53884660724,5157.56224317125,5172.81201171875,282134,0.0,0.0
2024-09-09 00:00:00+05:30,5181.832239551844,5238.59437806292,5114.604773378661,5151.68212890625,414969,0.0,0.0
2024-09-10 00:00:00+05:30,5230.620860206484,5297.200084256333,5193.792678688508,5256.7841796875,343692,0.0,0.0
2024-09-11 00:00:00+05:30,5289.425637010191,5353.2142968449225,5247.165260534599,5272.5810546875,308030,0.0,0.0
2024-09-12 00:00:00+05:30,5332.333580723514,5351.221199943348,5249.607657882383,5289.1767578125,306026,0.0,0.0
2024-09-13 00:00:00+05:30,5340.307055021488,5370.058583036933,5277.515090768716,5342.20068359375,285311,0.0,0.0
2024-09-16 00:00:00+05:30,5352.26726642084,5366.320802945772,5268.195708393848,5283.4951171875,288431,0.0,0.0
2024-09-17 00:00:00+05:30,5283.495417443326,5387.401170559429,5257.630913007304,5338.26416015625,267752,0.0,0.0
2024-09-18 00:00:00+05:30,5302.432708969605,5339.061355972355,5098.109644056302,5162.59619140625,485667,0.0,0.0
2024-09-19 00:00:00+05:30,5232.6635220794205,5344.742385900834,5136.183368377955,5266.1025390625,653730,0.0,0.0
2024-09-20 00:00:00+05:30,5307.565530434152,5421.936610269719,5294.459050863024,5337.36669921875,682525,0.0,0.0
2024-09-23 00:00:00+05:30,5304.426133065367,5389.045685994132,5299.442643650613,5311.9013671875,352574,0.0,0.0
2024-09-24 00:00:00+05:30,5307.415928914078,5401.554233344239,5262.764060930853,5371.20458984375,377128,0.0,0.0
2024-09-25 00:00:00+05:30,5371.204752392492,5374.643554667345,5292.465621674546,5305.5224609375,230951,0.0,0.0
2024-09-26 00:00:00+05:30,5342.300483111783,5429.711079340695,5285.189890898305,5408.53125,461259,0.0,0.0
2024-09-27 00:00:00+05:30,5491.805332135426,5567.504730972797,5407.733768419503,5419.04638671875,510714,0.0,0.0
2024-09-30 00:00:00+05:30,5402.102338211816,5475.857978991829,5370.257647288572,5432.40185546875,404261,0.0,0.0
2024-10-01 00:00:00+05:30,5460.707777883538,5480.84126835409,5422.983155033278,5469.62841796875,148956,0.0,0.0
2024-10-03 00:00:00+05:30,5383.265059660721,5437.934036145715,5171.865340303736,5232.9130859375,440650,0.0,0.0
2024-10-04 00:00:00+05:30,5242.879665017377,5351.270552060891,5061.729837705575,5124.322265625,1121466,0.0,0.0
2024-10-07 00:00:00+05:30,5124.322209302755,5258.5775977568455,5089.338505824857,5212.87890625,491981,0.0,0.0
2024-10-08 00:00:00+05:30,5246.617654062709,5308.313155662534,5146.200342389682,5291.1201171875,362753,0.0,0.0
2024-10-09 00:00:00+05:30,5311.103769049897,5364.2275671975995,5272.531369467726,5316.48583984375,224194,0.0,0.0
2024-10-10 00:00:00+05:30,5351.170753698761,5379.776175400634,5194.788965259467,5223.79296875,242697,0.0,0.0
2024-10-11 00:00:00+05:30,5192.795560792091,5472.070480245417,5185.170919922395,5451.48828125,715281,0.0,0.0
2024-10-14 00:00:00+05:30,5458.913952114413,5620.329358493646,5439.029635967104,5598.15283203125,446076,0.0,0.0
2024-10-15 00:00:00+05:30,5671.160962405687,5671.160962405687,5572.537518330383,5612.3056640625,412806,0.0,0.0
2024-10-16 00:00:00+05:30,5611.408879225951,5649.632338996371,5506.755605279463,5525.54345703125,262790,0.0,0.0
2024-10-17 00:00:00+05:30,5546.52370850281,5576.524410799059,5456.920670084871,5517.71923828125,250036,0.0,0.0
2024-10-18 00:00:00+05:30,5511.739114511074,5522.7027908690525,5385.258254587804,5487.9677734375,177195,0.0,0.0
2024-10-21 00:00:00+05:30,5489.811667369331,5541.639954715592,5187.812223794002,5230.3212890625,498478,0.0,0.0
2024-10-22 00:00:00+05:30,5234.657054897986,5300.439112328159,5119.040105475258,5141.1669921875,328921,0.0,0.0
2024-10-23 00:00:00+05:30,5192.097817840993,5779.551908934964,5177.446651722434,5699.86572265625,2690817,0.0,0.0
2024-10-24 00:00:00+05:30,5674.649308340839,5717.806128597827,5523.599464103681,5672.40673828125,568209,0.0,0.0
2024-10-25 00:00:00+05:30,5729.218865129407,5740.979705274744,5590.478327584382,5652.173828125,518325,0.0,0.0
2024-10-28 00:00:00+05:30,5636.326061232959,5719.0023384432525,5606.474767443594,5647.7880859375,332890,0.0,0.0
2024-10-29 00:00:00+05:30,5679.184091976843,5681.177487586522,5571.590369276853,5651.77490234375,217939,0.0,0.0
2024-10-30 00:00:00+05:30,5652.273711715335,5712.275119122312,5582.405092570369,5599.29931640625,260384,0.0,0.0
2024-10-31 00:00:00+05:30,5606.425488144922,5606.425488144922,5282.548322388891,5354.75927734375,867619,0.0,0.0
2024-11-01 00:00:00+05:30,5387.151755076167,5571.491212852193,5343.64599226025,5371.20458984375,44938,0.0,0.0
2024-11-04 00:00:00+05:30,5369.21106315827,5446.853724655024,5280.504958717749,5340.80517578125,509193,0.0,0.0
2024-11-05 00:00:00+05:30,5284.491879966524,5424.029575778541,5284.491879966524,5402.3017578125,262919,0.0,0.0
2024-11-06 00:00:00+05:30,5451.937398818266,5726.826479213614,5425.175963429961,5698.76953125,690288,0.0,0.0
2024-11-07 00:00:00+05:30,5735.996080916104,5780.099960426189,5636.775005408986,5718.4541015625,517587,0.0,0.0
2024-11-08 00:00:00+05:30,5738.338614701194,5810.7486180711685,5635.030977169949,5649.9814453125,376081,0.0,0.0
2024-11-11 00:00:00+05:30,5671.210956978015,5731.01282998657,5592.272289939166,5702.75634765625,277838,0.0,0.0
2024-11-12 00:00:00+05:30,5731.012506976951,5745.962974386456,5637.572085667544,5661.39306640625,250857,0.0,0.0
2024-11-13 00:00:00+05:30,5671.2108986977,5681.177877430034,5570.544413501133,5621.97412109375,283558,0.0,0.0
2024-11-14 00:00:00+05:30,5651.2769566074185,5764.800747343763,5641.30997784797,5694.93212890625,379197,0.0,0.0
2024-11-18 00:00:00+05:30,5709.882182765099,5735.995859887732,5563.56713985983,5627.45556640625,411485,0.0,0.0
2024-11-19 00:00:00+05:30,5636.326164669208,5779.0033600803345,5613.451755062822,5691.443359375,361445,0.0,0.0
2024-11-21 00:00:00+05:30,5650.230195719065,5772.873665509563,5635.478776257545,5706.59326171875,443952,0.0,0.0
2024-11-22 00:00:00+05:30,5760.913523358313,5849.370456783581,5733.2055180346215,5777.10986328125,688598,0.0,0.0
2024-11-25 00:00:00+05:30,5855.599985972961,5927.362232609566,5786.279843785293,5898.1591796875,960293,0.0,0.0
2024-11-26 00:00:00+05:30,5920.385149058318,5991.8982188301925,5901.74670484744,5949.23974609375,334966,0.0,0.0
2024-11-27 00:00:00+05:30,5949.239951062217,6022.048535862516,5881.414368947441,5891.38134765625,313105,0.0,0.0
2024-11-28 00:00:00+05:30,5912.411601307341,5919.188951968332,5782.890522015739,5801.42919921875,299071,0.0,0.0
2024-11-29 00:00:00+05:30,5823.505881602936,5914.355278066809,5791.661677962294,5886.1484375,333871,0.0,0.0
2024-12-02 00:00:00+05:30,5886.148391870154,5955.269483120987,5834.320105155127,5912.81005859375,278981,0.0,0.0
2024-12-03 00:00:00+05:30,5920.385287404036,6028.178063611127,5836.6626671781205,6021.3505859375,443857,0.0,0.0
2024-12-04 00:00:00+05:30,6059.873079209276,6059.873079209276,5943.807423903919,5991.49951171875,336960,0.0,0.0
2024-12-05 00:00:00+05:30,6110.355904373634,6127.698349538554,6055.388115569306,6081.60107421875,618889,0.0,0.0
2024-12-06 00:00:00+05:30,6069.890020960289,6168.513469745087,6044.972574240419,6153.86181640625,328550,0.0,0.0
2024-12-09 00:00:00+05:30,6158.396483743296,6256.172640207015,6158.396483743296,6213.66357421875,530525,0.0,0.0
2024-12-10 00:00:00+05:30,6180.22472204777,6362.371259112737,6180.22472204777,6324.39697265625,601991,0.0,0.0
2024-12-11 00:00:00+05:30,6337.004802235249,6351.456920768186,6241.32181056891,6338.7490234375,221150,0.0,0.0
2024-12-12 00:00:00+05:30,6386.490912611277,6487.506337539089,6368.899292806081,6414.69775390625,642487,0.0,0.0
2024-12-13 00:00:00+05:30,6398.849871820834,6471.260360349925,6324.04789244146,6456.259765625,233247,0.0,0.0
2024-12-16 00:00:00+05:30,6471.509685689536,6498.91887735174,6416.940476834786,6487.10791015625,218943,0.0,0.0
2024-12-17 00:00:00+05:30,6493.486476137564,6553.288346984571,6462.688609985129,6527.72314453125,317724,0.0,0.0
2024-12-18 00:00:00+05:30,6518.403707872809,6575.215483308398,6492.539204914855,6526.62646484375,194969,0.0,0.0
2024-12-19 00:00:00+05:30,6331.024883745873,6677.6762090038255,6310.094228431221,6652.1611328125,785692,0.0,0.0
2024-12-20 00:00:00+05:30,6725.7172294496295,6766.482075015155,6332.0215706421895,6347.669921875,553867,0.0,0.0
2024-12-23 00:00:00+05:30,6391.972838060036,6470.064213391069,6347.66990980638,6382.005859375,256100,0.0,0.0
2024-12-24 00:00:00+05:30,6416.640934844937,6418.684457420819,6255.126244338039,6329.92822265625,224656,0.0,0.0
2024-12-26 00:00:00+05:30,6343.93194925685,6391.623550347001,6278.498348397907,6374.6796875,153355,0.0,0.0
2024-12-27 00:00:00+05:30,6378.866073427155,6401.590589146195,6335.111136288513,6372.4873046875,143250,0.0,0.0
2024-12-30 00:00:00+05:30,6388.88260415341,6746.4479435933545,6268.182888662911,6615.78125,2234552,0.0,0.0
2024-12-31 00:00:00+05:30,6468.569122829834,6501.60955961344,6253.082850449523,6436.3759765625,573708,0.0,0.0
2025-01-01 00:00:00+05:30,6436.325680800013,6480.578967367372,6323.051069116589,6415.54443359375,189395,0.0,0.0
2025-01-02 00:00:00+05:30,6413.750539330744,6491.49297011051,6378.866115262899,6459.748046875,249756,0.0,0.0
2025-01-03 00:00:00+05:30,6477.539416555012,6506.29424725817,6290.8581013409275,6384.796875,246196,0.0,0.0
2025-01-06 00:00:00+05:30,6384.796818968772,6467.422973815324,6246.803806275089,6290.3095703125,314015,0.0,0.0
2025-01-07 00:00:00+05:30,6299.080588104626,6383.2514270815245,6279.19627190937,6313.3828125,367951,0.0,0.0
2025-01-08 00:00:00+05:30,6309.097200898158,6312.3364688133115,6071.982886842724,6209.626953125,454176,0.0,0.0
2025-01-09 00:00:00+05:30,6202.799528675196,6275.209528585987,6122.4159461359595,6158.94482421875,377541,0.0,0.0
2025-01-10 00:00:00+05:30,6154.708775491702,6388.832994930016,6154.708775491702,6298.78125,705635,0.0,0.0
2025-01-13 00:00:00+05:30,6268.481856980781,6285.824301971048,5965.336307886013,5983.57568359375,540037,0.0,0.0
2025-01-14 00:00:00+05:30,6027.530227665561,6048.9592313687135,5830.682402950564,5860.68310546875,839681,0.0,0.0
2025-01-15 00:00:00+05:30,5920.3853149289225,6198.862600926988,5895.2683340768235,6091.06982421875,1295234,0.0,0.0
2025-01-16 00:00:00+05:30,6134.874819089638,6194.477156027956,6031.1184752647105,6051.55078125,284470,0.0,0.0
2025-01-17 00:00:00+05:30,6074.873108065847,6074.873108065847,5910.766912168601,5941.51513671875,281302,0.0,0.0
2025-01-20 00:00:00+05:30,5974.206700201048,6132.083536686404,5820.715236765785,6070.78662109375,500440,0.0,0.0
2025-01-21 00:00:00+05:30,6075.272090086989,6123.462529360882,5862.278047598076,5877.228515625,281341,0.0,0.0
2025-01-22 00:00:00+05:30,5731.012649527355,5853.10813640859,5427.0198046393825,5664.38330078125,1209268,0.0,0.0
2025-01-23 00:00:00+05:30,5770.880317242632,6338.10113798621,5764.052839913506,6266.93701171875,2738505,0.0,0.0
2025-01-24 00:00:00+05:30,6266.9371809259055,6479.532634773542,6209.477161319363,6339.64599609375,1433020,0.0,0.0
2025-01-27 00:00:00+05:30,6278.000243663807,6291.555431802387,5997.978273782043,6041.23486328125,571171,0.0,0.0
2025-01-28 00:00:00+05:30,5980.18719637841,6038.99237047613,5851.862346122789,5890.783203125,681360,0.0,0.0
2025-01-29 00:00:00+05:30,5950.286171961324,6289.163441386257,5950.286171961324,6255.22607421875,724783,0.0,0.0
2025-01-30 00:00:00+05:30,6289.163571593379,6317.669228063061,6005.60302704214,6036.7001953125,454129,0.0,0.0
2025-01-31 00:00:00+05:30,6080.39990234375,6137.2001953125,5964.0,6032.60009765625,354309,20.0,0.0
2025-02-01 00:00:00+05:30,6047.75,6138.89990234375,5833.10009765625,5933.5498046875,317096,0.0,0.0
2025-02-03 00:00:00+05:30,5830.0,6107.9501953125,5477.5498046875,6076.75,557306,0.0,0.0
2025-02-04 00:00:00+05:30,6128.85009765625,6253.9501953125,6008.0498046875,6111.89990234375,440631,0.0,0.0
2025-02-05 00:00:00+05:30,6157.64990234375,6246.7001953125,6120.0,6189.4501953125,342294,0.0,0.0
2025-02-06 00:00:00+05:30,6240.0,6295.0,6210.5,6228.60009765625,270778,0.0,0.0
2025-02-07 00:00:00+05:30,6230.0,6303.9501953125,6190.0,6254.10009765625,246917,0.0,0.0
2025-02-10 00:00:00+05:30,6280.0,6284.89990234375,5956.10009765625,5993.89990234375,265630,0.0,0.0
2025-02-11 00:00:00+05:30,6026.35009765625,6038.39990234375,5783.85009765625,5828.35009765625,255594,0.0,0.0
2025-02-12 00:00:00+05:30,5839.9501953125,5860.0,5683.0498046875,5705.2001953125,283805,0.0,0.0
2025-02-13 00:00:00+05:30,5721.9501953125,5788.25,5618.0,5663.2998046875,233733,0.0,0.0
2025-02-14 00:00:00+05:30,5700.0,5728.85009765625,5490.10009765625,5562.7001953125,370089,0.0,0.0
2025-02-17 00:00:00+05:30,5562.7001953125,5562.7001953125,5388.5,5531.2998046875,331116,0.0,0.0
2025-02-18 00:00:00+05:30,5594.25,5814.0,5562.10009765625,5797.25,836676,0.0,0.0
2025-02-19 00:00:00+05:30,5787.89990234375,5969.64990234375,5739.10009765625,5899.7998046875,509368,0.0,0.0
2025-02-20 00:00:00+05:30,5848.7998046875,5949.9501953125,5838.2001953125,5917.89990234375,215467,0.0,0.0
2025-02-21 00:00:00+05:30,5925.0,5937.39990234375,5680.0,5710.2998046875,335451,0.0,0.0
2025-02-24 00:00:00+05:30,5628.0,5690.0,5465.7001953125,5639.7998046875,649930,0.0,0.0
2025-02-25 00:00:00+05:30,5520.0,5670.0,5470.0,5508.10009765625,338075,0.0,0.0
2025-02-27 00:00:00+05:30,5525.0,5550.2998046875,5400.0,5473.25,354670,0.0,0.0
2025-02-28 00:00:00+05:30,5370.0,5472.60009765625,5149.2001953125,5303.89990234375,1607716,0.0,0.0
2025-03-03 00:00:00+05:30,5303.89990234375,5354.85009765625,5105.0,5292.5498046875,505746,0.0,0.0
2025-03-04 00:00:00+05:30,5186.7001953125,5225.2001953125,5085.0498046875,5153.0,527077,0.0,0.0
2025-03-05 00:00:00+05:30,5085.0498046875,5466.0,5085.0498046875,5391.10009765625,890952,0.0,0.0
2025-03-06 00:00:00+05:30,5431.2001953125,5492.7001953125,5267.89990234375,5303.25,701133,0.0,0.0
2025-03-07 00:00:00+05:30,5270.0,5323.14990234375,5168.0,5278.7998046875,370208,0.0,0.0
2025-03-10 00:00:00+05:30,5279.4501953125,5309.0,5120.0,5167.0,233490,0.0,0.0
2025-03-11 00:00:00+05:30,5105.0,5267.0,4989.9501953125,5239.9501953125,405424,0.0,0.0
2025-03-12 00:00:00+05:30,5232.0,5273.39990234375,5033.0,5185.2001953125,542214,0.0,0.0
2025-03-13 00:00:00+05:30,5170.2001953125,5241.35009765625,5075.0,5125.75,401647,0.0,0.0
2025-03-17 00:00:00+05:30,5125.75,5218.35009765625,5034.7998046875,5167.2998046875,840748,0.0,0.0
2025-03-18 00:00:00+05:30,5167.2998046875,5167.2998046875,5167.2998046875,5167.2998046875,0,0.0,0.0
2025-03-19 00:00:00+05:30,5302.0,5328.0498046875,5152.0498046875,5280.60009765625,672425,0.0,0.0
2025-03-20 00:00:00+05:30,5340.0,5385.0,5184.60009765625,5194.0498046875,621056,0.0,0.0
2025-03-21 00:00:00+05:30,5104.64990234375,5323.0,5028.2001953125,5275.5498046875,789021,0.0,0.0
2025-03-24 00:00:00+05:30,5306.0,5508.39990234375,5232.25,5421.2998046875,569197,0.0,0.0
2025-03-25 00:00:00+05:30,5499.0,5633.0,5435.14990234375,5558.2998046875,827076,0.0,0.0
2025-03-26 00:00:00+05:30,5574.0,5623.60009765625,5477.7998046875,5517.0,416614,0.0,0.0
2025-03-27 00:00:00+05:30,5440.60009765625,5669.0,5440.60009765625,5641.4501953125,593246,0.0,0.0
2025-03-28 00:00:00+05:30,5665.0,5700.4501953125,5466.5,5513.75,317428,0.0,0.0
2025-04-01 00:00:00+05:30,5494.0,5509.64990234375,5189.7998046875,5211.5498046875,453706,0.0,0.0
2025-04-02 00:00:00+05:30,5253.64990234375,5411.9501953125,5218.75,5317.5,525175,0.0,0.0
2025-04-03 00:00:00+05:30,5120.39990234375,5145.0,4771.5498046875,4793.35009765625,2581937,0.0,0.0
2025-04-04 00:00:00+05:30,4750.0,4772.35009765625,4498.60009765625,4609.9501953125,2694235,0.0,0.0
